Atlanta,Atlanta,Georgia,13121,Fulton,33.7628,-84.422,5180179,1412.3,shape,false,true,America/New_York,1,30334 30331 30332 30309 30308 30354 30327 30322 30326 30324 30319 30342 30305 30307 30306 30316 30317 30314 30315 30312 30313 30310 30311 30303 30363 30318 30301 30302 30304 30321 30325 30333 30343 30348 30353 30355 30357 30361 30368 30369 30370 30371 30375 30377 30392 30394 30398 31106 31107 31126 31139 31141 31193 31196,1840013660
Augusta,Augusta,Georgia,13245,Richmond,33.3645,-82.0708,437257,257.5,shape,false,true,America/New_York,2,30912 30815 30812 30907 30906 30904 30905 30901 30909 30805 30903 30914 30916 30917 30919 30999,1840029462
Savannah,Savannah,Georgia,13051,Chatham,32.0286,-81.1821,316050,524.8,shape,false,true,America/New_York,2,31302 31409 31408 31401 31405 31404 31407 31406 31421 31419 31415 31403 31412 31416 31418 31420,1840015830
Columbus,Columbus,Georgia,13215,Muscogee,32.51,-84.8771,264282,364.8,shape,false,true,America/New_York,2,31820 31829 31909 31904 31905 31906 31907 31901 31903 31808 31902 31908 31914 31917 31993 31995 31997 31998 31999,1840014887
Gainesville,Gainesville,Georgia,13139,Hall,34.2902,-83.8294,175569,493.1,shape,false,true,America/New_York,2,30501 30507 30504,1840013612
Macon,Macon,Georgia,13021,Bibb,32.8065,-83.6974,156554,242.4,shape,false,true,America/New_York,2,31210 31052 31211 31213 31216 31217 31220 31207 31206 31204 31201 31202 31203 31205 31208 31209 31221 31294 31295 31296 31297,1840043455
Warner Robins,Warner Robins,Georgia,13153,Houston,32.5961,-83.6527,146790,819.4,shape,false,true,America/New_York,2,31088 31005 31093 31099,1840015800
Athens,Athens,Georgia,13059,Clarke,33.9508,-83.3689,143173,420.0,shape,false,true,America/New_York,2,30602 30622 30601 30605 30606 30607 30609 30683 30603 30608 30612,1840029463
South Fulton,South Fulton,Georgia,13121,Fulton,33.6273,-84.58,107865,447.9,shape,false,true,America/New_York,2,30336 30331 30272 30349 30291 30296 30213 30378 31131 31136,1840029465
Sandy Springs,Sandy Springs,Georgia,13121,Fulton,33.9366,-84.3703,107221,1099.3,shape,false,true,America/New_York,2,30350 30327 30328 30342 30358 31150 31156,1840015609
Roswell,Roswell,Georgia,13121,Fulton,34.0391,-84.3513,92770,879.5,shape,false,true,America/New_York,3,30075 30076 30077,1840014741
Albany,Albany,Georgia,13095,Dougherty,31.5776,-84.1762,83447,483.3,shape,false,true,America/New_York,3,31705 31721 31701 31707 31702 31703 31706 31708,1840013864
Johns Creek,Johns Creek,Georgia,13121,Fulton,34.0333,-84.2027,82230,1030.4,shape,false,true,America/New_York,3,30022 30097 30005,1840014742
Valdosta,Valdosta,Georgia,13185,Lowndes,30.8502,-83.2788,75919,593.0,shape,false,true,America/New_York,3,31698 31602 31601 31605 31603 31604,1840015894
Brunswick,Brunswick,Georgia,13127,Glynn,31.1449,-81.4746,71160,345.8,shape,false,true,America/New_York,3,31520 31521,1840013875
Dalton,Dalton,Georgia,13313,Whitfield,34.769,-84.972,68614,623.7,shape,false,true,America/New_York,3,30721 30720 30719 30722,1840014651
Alpharetta,Alpharetta,Georgia,13121,Fulton,34.0704,-84.2738,65884,945.7,shape,false,true,America/New_York,3,30022 30004 30005 30009 30023,1840013659
Marietta,Marietta,Georgia,13067,Cobb,33.9533,-84.5422,61387,1009.5,shape,false,true,America/New_York,3,30090 30060 30062 30064 30067 30008 30006 30007,1840015633
Stonecrest,Stonecrest,Georgia,13089,DeKalb,33.6842,-84.1372,59445,613.6,shape,false,true,America/New_York,3,30038 30035 30058,1840029466
Brookhaven,Brookhaven,Georgia,13089,DeKalb,33.8743,-84.3314,56848,1790.0,shape,false,true,America/New_York,3,30329 30324 30319 31119,1840029224
Smyrna,Smyrna,Georgia,13067,Cobb,33.8633,-84.5168,55863,1370.8,shape,false,true,America/New_York,3,30126 30082 30080 30081,1840015634
Dunwoody,Dunwoody,Georgia,13089,DeKalb,33.9418,-84.3122,51458,1525.3,shape,false,true,America/New_York,3,30338 30346 30360 30356 31146,1840022929
Newnan,Newnan,Georgia,13077,Coweta,33.3767,-84.7761,42689,846.4,shape,false,true,America/New_York,3,30263 30265 30264 30271,1840014833
Peachtree Corners,Peachtree Corners,Georgia,13135,Gwinnett,33.967,-84.232,42147,1009.9,shape,false,true,America/New_York,3,30071 30092 30360 30010,1840029447
Mableton,Mableton,Georgia,13067,Cobb,33.8133,-84.5655,41647,777.7,shape,false,false,America/New_York,3,30126 30168,1840013690
Milton,Milton,Georgia,13121,Fulton,34.1353,-84.3139,41029,411.4,shape,false,true,America/New_York,3,30004 30009,1840014738
Peachtree City,Peachtree City,Georgia,13113,Fayette,33.3942,-84.571,38414,590.1,shape,false,true,America/New_York,3,30269 30270 31169,1840014822
East Point,East Point,Georgia,13121,Fulton,33.6696,-84.4701,38113,1001.8,shape,false,true,America/New_York,3,30344 30349 30364 30385,1840013661
Rome,Rome,Georgia,13115,Floyd,34.2662,-85.1863,37621,457.1,shape,false,true,America/New_York,3,30161 30165 30162 30164,1840014681
Evans,Evans,Georgia,13073,Columbia,33.5619,-82.1351,37456,572.4,shape,false,false,America/New_York,3,30809,1840013095
Tucker,Tucker,Georgia,13089,DeKalb,33.8436,-84.2024,36994,706.6,shape,false,true,America/New_York,3,30087 30084 30083 30085,1840013701
Douglasville,Douglasville,Georgia,13097,Douglas,33.7384,-84.7054,35252,592.9,shape,false,true,America/New_York,3,30134 30135 30122 30133 30154,1840014804
Woodstock,Woodstock,Georgia,13057,Cherokee,34.1026,-84.5091,35171,1050.9,shape,false,true,America/New_York,3,30189 30188,1840015574
Hinesville,Hinesville,Georgia,13179,Liberty,31.8248,-81.6137,34732,732.7,shape,false,true,America/New_York,3,31313 31310,1840014931
Martinez,Martinez,Georgia,13073,Columbia,33.5209,-82.0985,33773,898.9,shape,false,false,America/New_York,3,30907 30809,1840013747
Canton,Canton,Georgia,13057,Cherokee,34.2467,-84.4897,33499,705.7,shape,false,true,America/New_York,3,30114 30115,1840014703
Kennesaw,Kennesaw,Georgia,13067,Cobb,34.026,-84.6177,33360,1318.8,shape,false,true,America/New_York,3,30144 30152,1840014756
Statesboro,Statesboro,Georgia,13031,Bulloch,32.4375,-81.7751,33185,853.4,shape,false,true,America/New_York,3,30460 30461 30458 30459,1840015801
Duluth,Duluth,Georgia,13135,Gwinnett,34.0053,-84.1492,31742,1208.9,shape,false,true,America/New_York,3,30097 30096 30098,1840013675
Redan,Redan,Georgia,13089,DeKalb,33.7394,-84.1644,31326,1495.3,shape,false,false,America/New_York,3,30058 30088 30074,1840013706
LaGrange,LaGrange,Georgia,13285,Troup,33.0274,-85.0384,31173,284.8,shape,false,false,America/New_York,3,30240 30241,1840029147
Lawrenceville,Lawrenceville,Georgia,13135,Gwinnett,33.9523,-83.9932,30465,852.7,shape,false,true,America/New_York,3,30046 30049,1840014745
Chamblee,Chamblee,Georgia,13089,DeKalb,33.8842,-84.3007,29980,1504.6,shape,false,true,America/New_York,3,30341 30345 30366 39901,1840014775
McDonough,McDonough,Georgia,13151,Henry,33.4397,-84.1505,29134,840.8,shape,false,true,America/New_York,3,30253 30252,1840015706
Stockbridge,Stockbridge,Georgia,13151,Henry,33.5254,-84.2295,28858,813.3,shape,false,true,America/New_York,3,30253 30281,1840015707
Union City,Union City,Georgia,13121,Fulton,33.5942,-84.5629,26869,527.3,shape,false,true,America/New_York,3,30349 30291 30213 31192,1840015610
Carrollton,Carrollton,Georgia,13045,Carroll,33.5818,-85.0838,26622,457.1,shape,false,true,America/New_York,3,30118 30116 30117 30109 30112,1840014801
Pooler,Pooler,Georgia,13051,Chatham,32.1043,-81.2569,26264,366.0,shape,false,true,America/New_York,3,31322,1840014914
Sugar Hill,Sugar Hill,Georgia,13135,Gwinnett,34.108,-84.0558,24947,864.0,shape,false,true,America/New_York,3,30518,1840015615
Decatur,Decatur,Georgia,13089,DeKalb,33.7711,-84.2963,24421,2051.2,shape,false,true,America/New_York,2,30030 30031 30036,1840014777
Griffin,Griffin,Georgia,13255,Spalding,33.2418,-84.2748,23485,645.6,shape,false,true,America/New_York,3,30224 30223,1840013776
Cartersville,Cartersville,Georgia,13015,Bartow,34.1644,-84.8009,23103,312.3,shape,false,true,America/New_York,3,30121 30120,1840014701
Candler-McAfee,Candler-McAfee,Georgia,13089,DeKalb,33.7267,-84.2723,22707,1259.0,shape,false,true,America/New_York,3,30032,1840073846
Acworth,Acworth,Georgia,13067,Cobb,34.0566,-84.6716,22318,945.2,shape,false,true,America/New_York,3,30144 30101,1840013688
Perry,Perry,Georgia,13153,Houston,32.472,-83.7283,21279,303.2,shape,false,true,America/New_York,3,31069,1840014885
Suwanee,Suwanee,Georgia,13135,Gwinnett,34.0508,-84.0686,21238,746.9,shape,false,true,America/New_York,3,30024,1840015616
Snellville,Snellville,Georgia,13135,Gwinnett,33.8562,-84.0038,20895,769.5,shape,false,true,America/New_York,3,30078,1840015614
Forest Park,Forest Park,Georgia,13063,Clayton,33.6209,-84.359,19619,821.8,shape,false,true,America/New_York,3,30297 30294 30298,1840013750
Fayetteville,Fayetteville,Georgia,13113,Fayette,33.4501,-84.471,19010,566.2,shape,false,true,America/New_York,3,30215 30214,1840013755
Thomasville,Thomasville,Georgia,13275,Thomas,30.8394,-83.9782,18744,482.0,shape,false,true,America/New_York,3,31792 31758 31799,1840015893
Kingsland,Kingsland,Georgia,13039,Camden,30.8194,-81.7216,18563,160.2,shape,false,true,America/New_York,3,31548,1840014991
St. Marys,St. Marys,Georgia,13039,Camden,30.7567,-81.5722,18507,316.8,shape,false,true,America/New_York,3,31558,1840015888
Winder,Winder,Georgia,13013,Barrow,33.9917,-83.7218,18414,509.1,shape,false,true,America/New_York,3,30680,1840015623
Norcross,Norcross,Georgia,13135,Gwinnett,33.9379,-84.2065,17530,1102.3,shape,false,true,America/New_York,3,30071,1840014744
Conyers,Conyers,Georgia,13247,Rockdale,33.6646,-83.9966,17415,571.6,shape,false,true,America/New_York,3,30013 30012 30094,1840014806
Villa Rica,Villa Rica,Georgia,13045,Carroll,33.7294,-84.9177,17354,457.5,shape,false,true,America/New_York,3,30180,1840015679
North Druid Hills,North Druid Hills,Georgia,13089,DeKalb,33.8185,-84.3254,17241,1696.6,shape,false,false,America/New_York,3,30329 30324 30033 30359,1840029449
Buford,Buford,Georgia,13135,Gwinnett,34.1192,-83.9903,17222,366.9,shape,false,true,America/New_York,3,30518 30519 30515,1840013678
Calhoun,Calhoun,Georgia,13129,Gordon,34.491,-84.9386,17184,409.4,shape,false,true,America/New_York,3,30701 30703,1840013596
North Decatur,North Decatur,Georgia,13089,DeKalb,33.8074,-84.2889,17183,1350.9,shape,false,false,America/New_York,3,30030 30033,1840013704
Tifton,Tifton,Georgia,13277,Tift,31.4624,-83.5203,17059,512.9,shape,false,true,America/New_York,3,31793 31794,1840015863
Milledgeville,Milledgeville,Georgia,13009,Baldwin,33.0874,-83.2414,17021,324.6,shape,false,true,America/New_York,3,31062 31061 31034,1840014857
Powder Springs,Powder Springs,Georgia,13067,Cobb,33.8659,-84.684,16930,851.7,shape,false,true,America/New_York,3,30127,1840014755
Richmond Hill,Richmond Hill,Georgia,13029,Bryan,31.9012,-81.3125,16703,271.2,shape,false,true,America/New_York,3,31324,1840014913
Holly Springs,Holly Springs,Georgia,13057,Cherokee,34.1681,-84.4847,16675,888.8,shape,false,true,America/New_York,3,30114 30115 30142,1840014704
Fairburn,Fairburn,Georgia,13121,Fulton,33.5496,-84.5914,16469,376.1,shape,false,true,America/New_York,3,30268 30213,1840013662
Grovetown,Grovetown,Georgia,13073,Columbia,33.4503,-82.2073,16049,1175.4,shape,false,true,America/New_York,3,30813,1840013748
Americus,Americus,Georgia,13261,Sumter,32.0736,-84.2248,16020,545.0,shape,false,true,America/New_York,3,31709 31719,1840013841
Lithia Springs,Lithia Springs,Georgia,13097,Douglas,33.7811,-84.6487,16020,460.4,shape,false,false,America/New_York,3,30122,1840013740
Dublin,Dublin,Georgia,13175,Laurens,32.536,-82.928,15985,386.6,shape,false,true,America/New_York,3,31021 31040,1840013813
St. Simons,St. Simons,Georgia,13127,Glynn,31.1775,-81.3857,15983,374.4,shape,false,false,America/New_York,3,31522,1840013874
Wilmington Island,Wilmington Island,Georgia,13051,Chatham,32.0033,-80.9752,15235,708.6,shape,false,false,America/New_York,3,31410,1840029461
Monroe,Monroe,Georgia,13297,Walton,33.799,-83.7161,15036,370.5,shape,false,true,America/New_York,3,30656 30655,1840014786
Riverdale,Riverdale,Georgia,13063,Clayton,33.5639,-84.4103,14933,1313.5,shape,false,true,America/New_York,3,30274 30296 30287 30374,1840014815
Lilburn,Lilburn,Georgia,13135,Gwinnett,33.8897,-84.1364,14741,843.4,shape,false,true,America/New_York,3,30047 30048,1840015613
Belvedere Park,Belvedere Park,Georgia,13089,DeKalb,33.7489,-84.2599,14558,1147.7,shape,false,false,America/New_York,3,30030 30032,1840013699
Clarkston,Clarkston,Georgia,13089,DeKalb,33.8117,-84.2403,14553,3045.9,shape,false,true,America/New_York,2,30021,1840014776
Moultrie,Moultrie,Georgia,13071,Colquitt,31.1591,-83.7708,14533,336.4,shape,false,true,America/New_York,3,31768 31788 31776,1840014977
Loganville,Loganville,Georgia,13297,Walton,33.8353,-83.8958,14287,745.4,shape,false,true,America/New_York,3,30052,1840015656
Bainbridge,Bainbridge,Georgia,13087,Decatur,30.9052,-84.5732,14234,277.8,shape,false,true,America/New_York,3,39819 39817 39818,1840013899
Covington,Covington,Georgia,13217,Newton,33.6049,-83.8463,14190,348.9,shape,false,true,America/New_York,3,30014 30015,1840014808
Dallas,Dallas,Georgia,13223,Paulding,33.9152,-84.8416,14126,684.3,shape,false,true,America/New_York,3,30132 30157,1840014757
College Park,College Park,Georgia,13121,Fulton,33.6363,-84.464,14113,488.1,shape,false,true,America/New_York,3,30337 30349,1840014737
Waycross,Waycross,Georgia,13299,Ware,31.2108,-82.3579,13856,450.8,shape,false,true,America/New_York,3,31501 31503 31502,1840015871
Braselton,Braselton,Georgia,13157,Jackson,34.1087,-83.8127,13804,401.2,shape,false,true,America/New_York,3,30548 30517,1840015596
Jefferson,Jefferson,Georgia,13157,Jackson,34.1373,-83.6021,13496,229.6,shape,false,true,America/New_York,3,30549,1840014723
Mountain Park,Mountain Park,Georgia,13135,Gwinnett,33.8458,-84.1314,13334,888.8,shape,false,false,America/New_York,3,30047 30087,1840143063
Vinings,Vinings,Georgia,13067,Cobb,33.8608,-84.4686,12947,1599.0,shape,false,false,America/New_York,3,30339,1840013687
Georgetown,Georgetown,Georgia,13051,Chatham,31.9849,-81.226,12490,589.0,shape,false,false,America/New_York,3,31419,1840134450
Douglas,Douglas,Georgia,13069,Coffee,31.5065,-82.8544,11694,312.8,shape,false,true,America/New_York,3,31533 31535 31534,1840014946
Port Wentworth,Port Wentworth,Georgia,13051,Chatham,32.1951,-81.1991,11103,266.7,shape,false,true,America/New_York,3,31407,1840014915
Rincon,Rincon,Georgia,13103,Effingham,32.2947,-81.2353,10910,432.2,shape,false,true,America/New_York,3,31326,1840018091
Vidalia,Vidalia,Georgia,13279,Toombs,32.2125,-82.4019,10732,231.6,shape,false,true,America/New_York,3,30474 30475,1840015820
Doraville,Doraville,Georgia,13089,DeKalb,33.9073,-84.2711,10691,825.7,shape,false,true,America/New_York,3,30340 30360 30362,1840014778
Scottdale,Scottdale,Georgia,13089,DeKalb,33.795,-84.2634,10566,1226.2,shape,false,false,America/New_York,3,30079 30021 30030 30033 30002,1840013700
Lovejoy,Lovejoy,Georgia,13063,Clayton,33.4426,-84.3177,10429,1385.2,shape,false,true,America/New_York,3,30228 30250,1840015704
Garden City,Garden City,Georgia,13051,Chatham,32.0867,-81.1773,10352,279.1,shape,false,true,America/New_York,3,31408 31405 31415,1840013839
Cordele,Cordele,Georgia,13081,Crisp,31.9563,-83.7694,10210,378.2,shape,false,true,America/New_York,3,31015 31010,1840014934
Fort Oglethorpe,Fort Oglethorpe,Georgia,13047,Catoosa,34.9318,-85.246,10203,283.4,shape,false,true,America/New_York,3,30736 30741 30707 30742,1840013554
Cedartown,Cedartown,Georgia,13233,Polk,34.0223,-85.2479,10166,429.9,shape,false,true,America/New_York,3,30125 30138,1840014752
Cairo,Cairo,Georgia,13131,Grady,30.879,-84.205,10091,396.6,shape,false,true,America/New_York,3,39828,1840013900
Jesup,Jesup,Georgia,13305,Wayne,31.5992,-81.8895,9820,229.2,shape,false,true,America/New_York,3,31599 31545 31546,1840014943
Thomaston,Thomaston,Georgia,13293,Upson,32.8907,-84.3272,9720,393.4,shape,false,true,America/New_York,3,30286,1840015776
Flowery Branch,Flowery Branch,Georgia,13139,Hall,34.1712,-83.9142,9700,519.2,shape,false,true,America/New_York,3,30542 30502,1840013611
Fair Oaks,Fair Oaks,Georgia,13067,Cobb,33.9193,-84.5445,9614,1901.8,shape,false,false,America/New_York,3,30060 30008 30080 30061,1840013091
Cusseta,Cusseta,Georgia,13053,Chattahoochee,32.347,-84.787,9402,14.6,shape,false,false,America/New_York,4,31905 31805,1840029395
Locust Grove,Locust Grove,Georgia,13151,Henry,33.3446,-84.1071,9367,312.0,shape,false,true,America/New_York,3,30248,1840015705
Fort Stewart,Fort Stewart,Georgia,13179,Liberty,31.8811,-81.6131,9324,325.3,shape,true,true,America/New_York,3,31315 31314,1840073839
Skidaway Island,Skidaway Island,Georgia,13051,Chatham,31.9372,-81.0449,9292,217.5,shape,false,false,America/New_York,3,31411,1840029458
Panthersville,Panthersville,Georgia,13089,DeKalb,33.7059,-84.2763,9197,968.4,shape,false,false,America/New_York,3,30034,1840013705
Country Club Estates,Country Club Estates,Georgia,13127,Glynn,31.2113,-81.4622,9057,755.3,shape,false,false,America/New_York,3,31525,1840029452
Toccoa,Toccoa,Georgia,13257,Stephens,34.581,-83.3263,9055,381.6,shape,false,true,America/New_York,3,30577,1840015551
Bemiss,Bemiss,Georgia,13185,Lowndes,30.9318,-83.2386,9049,451.5,shape,false,false,America/New_York,3,31605,1840029379
Fitzgerald,Fitzgerald,Georgia,13017,Ben Hill,31.7134,-83.2514,8972,385.9,shape,false,true,America/New_York,3,31750,1840013855
Fort Valley,Fort Valley,Georgia,13225,Peach,32.552,-83.8817,8821,451.8,shape,false,true,America/New_York,3,31030,1840013819
Druid Hills,Druid Hills,Georgia,13089,DeKalb,33.7842,-84.3272,8467,1099.2,shape,false,false,America/New_York,3,30307 30306,1840013092
Irondale,Irondale,Georgia,13063,Clayton,33.4773,-84.3601,8305,1016.1,shape,false,false,America/New_York,3,30238,1840029456
Hampton,Hampton,Georgia,13151,Henry,33.3774,-84.2969,8244,376.9,shape,false,true,America/New_York,3,30228,1840013751
Centerville,Centerville,Georgia,13153,Houston,32.6342,-83.6853,8220,804.6,shape,false,true,America/New_York,3,31028 31093,1840014884
Dock Junction,Dock Junction,Georgia,13127,Glynn,31.2031,-81.5155,8176,336.2,shape,false,false,America/New_York,3,31523 31520,1840029453
Austell,Austell,Georgia,13067,Cobb,33.8201,-84.6451,8109,525.9,shape,false,true,America/New_York,3,30111 30106 30168,1840013689
Gresham Park,Gresham Park,Georgia,13089,DeKalb,33.7053,-84.3155,7816,1074.9,shape,false,false,America/New_York,3,30316,1840029454
Auburn,Auburn,Georgia,13013,Barrow,34.0156,-83.8319,7794,444.3,shape,false,true,America/New_York,3,30011,1840013680
Tyrone,Tyrone,Georgia,13113,Fayette,33.4752,-84.5941,7710,238.0,shape,false,true,America/New_York,3,30290,1840016845
Swainsboro,Swainsboro,Georgia,13107,Emanuel,32.5866,-82.3345,7542,231.5,shape,false,true,America/New_York,3,30401,1840015787
Commerce,Commerce,Georgia,13157,Jackson,34.2134,-83.4733,7391,213.5,shape,false,true,America/New_York,3,30529 30599,1840014720
Cumming,Cumming,Georgia,13117,Forsyth,34.2063,-84.1339,7371,378.2,shape,false,true,America/New_York,3,30040 30041,1840014712
Bremen,Bremen,Georgia,13143,Haralson,33.7085,-85.1495,7209,262.3,shape,false,true,America/New_York,3,30110 30182,1840013715
Dahlonega,Dahlonega,Georgia,13187,Lumpkin,34.5311,-83.9804,7083,310.2,shape,false,true,America/New_York,3,30533 30597,1840014672
LaFayette,LaFayette,Georgia,13295,Walker,34.7089,-85.2815,6929,330.9,shape,false,true,America/New_York,3,30728,1840014656
Dacula,Dacula,Georgia,13135,Gwinnett,33.9815,-83.8952,6906,512.3,shape,false,true,America/New_York,3,30019,1840014743
Thomson,Thomson,Georgia,13189,McDuffie,33.4679,-82.4968,6839,555.4,shape,false,true,America/New_York,3,30824,1840015703
Whitemarsh Island,Whitemarsh Island,Georgia,13051,Chatham,32.0304,-81.0109,6790,450.8,shape,false,false,America/New_York,3,31410,1840029460
Stone Mountain,Stone Mountain,Georgia,13089,DeKalb,33.8035,-84.1723,6638,1552.2,shape,false,true,America/New_York,3,30083,1840015645
Hapeville,Hapeville,Georgia,13121,Fulton,33.6609,-84.4093,6566,1053.5,shape,false,true,America/New_York,3,30354,1840013663
Morrow,Morrow,Georgia,13063,Clayton,33.5815,-84.3391,6563,725.8,shape,false,true,America/New_York,3,30260,1840014814
Fairfield Plantation,Fairfield Plantation,Georgia,13045,Carroll,33.6457,-84.9254,6464,606.7,shape,false,false,America/New_York,3,30180,1840146819
Eatonton,Eatonton,Georgia,13237,Putnam,33.3258,-83.3886,6369,119.9,shape,false,true,America/New_York,3,31024 31026,1840013764
McRae-Helena,McRae-Helena,Georgia,13271,Telfair,32.0636,-82.8968,6338,380.2,shape,false,true,America/New_York,3,31037 31055,1840043457
Barnesville,Barnesville,Georgia,13171,Lamar,33.0508,-84.1528,6200,394.1,shape,false,true,America/New_York,3,30204,1840013783
Conley,Conley,Georgia,13063,Clayton,33.6399,-84.3376,5892,1178.9,shape,false,false,America/New_York,3,30288 30297 30294,1840013096
Sandersville,Sandersville,Georgia,13303,Washington,32.9827,-82.8089,5727,171.8,shape,false,true,America/New_York,3,31082,1840015746
Waynesboro,Waynesboro,Georgia,13033,Burke,33.0909,-82.0145,5720,403.6,shape,false,true,America/New_York,3,30830,1840015742
Fairview,Fairview,Georgia,13295,Walker,34.9295,-85.294,5718,293.3,shape,false,false,America/New_York,3,30741 30707,1840013084
Byron,Byron,Georgia,13225,Peach,32.6476,-83.7539,5687,249.8,shape,false,true,America/New_York,3,31008,1840013820
Eastman,Eastman,Georgia,13091,Dodge,32.1973,-83.1714,5635,336.5,shape,false,true,America/New_York,3,31023,1840013829
Sylvester,Sylvester,Georgia,13321,Worth,31.53,-83.8338,5622,330.5,shape,false,true,America/New_York,3,31791,1840015855
Adel,Adel,Georgia,13075,Cook,31.1264,-83.4229,5571,231.3,shape,false,true,America/New_York,3,31620,1840013879
Jackson,Jackson,Georgia,13035,Butts,33.292,-83.9679,5497,349.2,shape,false,true,America/New_York,3,30233,1840014836
Temple,Temple,Georgia,13045,Carroll,33.7342,-85.0289,5395,305.9,shape,false,true,America/New_York,3,30179,1840015678
Blakely,Blakely,Georgia,13099,Early,31.3827,-84.9228,5299,116.6,shape,false,true,America/New_York,3,39823,1840013872
Glennville,Glennville,Georgia,13267,Tattnall,31.9379,-81.9305,5204,285.1,shape,false,true,America/New_York,3,30427,1840013832
Camilla,Camilla,Georgia,13205,Mitchell,31.2337,-84.2088,5163,301.9,shape,false,true,America/New_York,3,31730,1840013877
Oakwood,Oakwood,Georgia,13139,Hall,34.2236,-83.8851,5132,332.9,shape,false,true,America/New_York,3,30566 30542,1840014697
Senoia,Senoia,Georgia,13077,Coweta,33.3082,-84.5546,5115,320.5,shape,false,true,America/New_York,3,30276,1840015719
Rockmart,Rockmart,Georgia,13233,Polk,34.0103,-85.044,5113,343.8,shape,false,true,America/New_York,3,30153,1840014753
Social Circle,Social Circle,Georgia,13297,Walton,33.6505,-83.7116,5011,132.1,shape,false,true,America/New_York,3,30025,1840015658
Baxley,Baxley,Georgia,13001,Appling,31.7641,-82.3509,4971,237.2,shape,false,true,America/New_York,3,31513 31515,1840013850
Hiram,Hiram,Georgia,13223,Paulding,33.8777,-84.771,4911,482.3,shape,false,true,America/New_York,3,30141,1840014758
Adairsville,Adairsville,Georgia,13015,Bartow,34.3709,-84.9212,4911,202.6,shape,false,true,America/New_York,3,30103,1840013620
Nashville,Nashville,Georgia,13019,Berrien,31.2048,-83.2478,4907,371.2,shape,false,true,America/New_York,3,31639,1840014964
Cochran,Cochran,Georgia,13023,Bleckley,32.3875,-83.3523,4867,401.1,shape,false,true,America/New_York,3,31014,1840014890
Chatsworth,Chatsworth,Georgia,13213,Murray,34.7808,-84.7835,4840,364.4,shape,false,true,America/New_York,3,30705,1840014648
Buckhead,Buckhead,Georgia,13029,Bryan,31.8613,-81.2623,4815,680.9,shape,false,false,America/New_York,3,31324,1840153105
Lakeview,Lakeview,Georgia,13047,Catoosa,34.9777,-85.2539,4664,792.7,shape,false,false,America/New_York,3,30741,1840013553
Palmetto,Palmetto,Georgia,13121,Fulton,33.531,-84.6678,4650,151.4,shape,false,true,America/New_York,3,30268,1840014740
Cornelia,Cornelia,Georgia,13137,Habersham,34.517,-83.5311,4648,432.4,shape,false,true,America/New_York,3,30531,1840014661
Elberton,Elberton,Georgia,13105,Elbert,34.1063,-82.8705,4627,393.2,shape,false,true,America/New_York,3,30635,1840013651
Montgomery,Montgomery,Georgia,13051,Chatham,31.9438,-81.1081,4606,341.0,shape,false,false,America/New_York,3,31406,1840013838
Madison,Madison,Georgia,13211,Morgan,33.5793,-83.4758,4574,200.8,shape,false,true,America/New_York,3,30650,1840015676
Grayson,Grayson,Georgia,13135,Gwinnett,33.8904,-83.9576,4572,723.7,shape,false,true,America/New_York,3,30017,1840013676
Lindale,Lindale,Georgia,13115,Floyd,34.1884,-85.1808,4568,322.1,shape,false,false,America/New_York,3,30147 30161 30173,1840013604
Forsyth,Forsyth,Georgia,13207,Monroe,33.0352,-83.939,4549,194.7,shape,false,true,America/New_York,3,31029,1840013784
Folkston,Folkston,Georgia,13049,Charlton,30.8392,-82.0073,4544,418.9,shape,false,true,America/New_York,3,31537,1840013903
Hartwell,Hartwell,Georgia,13147,Hart,34.3496,-82.9289,4481,343.4,shape,false,true,America/New_York,3,30643,1840013614
Jonesboro,Jonesboro,Georgia,13063,Clayton,33.5211,-84.3548,4415,569.8,shape,false,true,America/New_York,3,30236 30237,1840014816
Summerville,Summerville,Georgia,13055,Chattooga,34.4788,-85.3491,4381,421.4,shape,false,true,America/New_York,3,30747,1840015554
Dawson,Dawson,Georgia,13273,Terrell,31.7721,-84.4437,4342,446.8,shape,false,true,America/New_York,3,39842,1840014938
Euharlee,Euharlee,Georgia,13015,Bartow,34.1441,-84.9327,4258,304.2,shape,false,true,America/New_York,3,30145 30120,1840013622
Ashburn,Ashburn,Georgia,13287,Turner,31.7096,-83.6528,4223,343.6,shape,false,true,America/New_York,3,31714,1840013854
Lyons,Lyons,Georgia,13279,Toombs,32.2062,-82.3215,4219,201.8,shape,false,true,America/New_York,3,30436,1840015818
Jasper,Jasper,Georgia,13227,Pickens,34.471,-84.4497,4177,188.5,shape,false,true,America/New_York,3,30143 30175,1840014687
Chattanooga Valley,Chattanooga Valley,Georgia,13295,Walker,34.9241,-85.3431,4166,216.8,shape,false,false,America/New_York,3,30741 30725,1840029373
Hazlehurst,Hazlehurst,Georgia,13161,Jeff Davis,31.8651,-82.5994,4075,332.4,shape,false,true,America/New_York,3,31539,1840014937
Quitman,Quitman,Georgia,13027,Brooks,30.7849,-83.5603,4050,378.9,shape,false,true,America/New_York,3,31643,1840014995
Hawkinsville,Hawkinsville,Georgia,13235,Pulaski,32.2965,-83.4815,4007,287.8,shape,false,true,America/New_York,3,31036,1840014904
Rossville,Rossville,Georgia,13295,Walker,34.9747,-85.2898,3982,851.3,shape,false,true,America/New_York,3,30741,1840014655
Metter,Metter,Georgia,13043,Candler,32.3958,-82.0621,3976,204.5,shape,false,true,America/New_York,3,30439,1840014896
Heron Bay,Heron Bay,Georgia,13151,Henry,33.3393,-84.1922,3899,333.7,shape,false,true,America/New_York,3,30248,1840039167
Dawsonville,Dawsonville,Georgia,13085,Dawson,34.4362,-84.125,3871,174.0,shape,false,true,America/New_York,3,30534,1840014677
Hephzibah,Hephzibah,Georgia,13245,Richmond,33.2906,-82.0994,3869,76.7,shape,false,true,America/New_York,3,30815,1840014829
Baldwin,Baldwin,Georgia,13137,Habersham,34.486,-83.5497,3817,293.1,shape,false,true,America/New_York,3,30531 30510 30511,1840013576
Washington,Washington,Georgia,13317,Wilkes,33.7355,-82.7426,3742,187.7,shape,false,true,America/New_York,3,30673,1840015641
Walthourville,Walthourville,Georgia,13179,Liberty,31.7716,-81.6216,3719,373.6,shape,false,true,America/New_York,3,31301 31313 31333,1840015840
Harlem,Harlem,Georgia,13073,Columbia,33.4275,-82.3131,3682,215.8,shape,false,true,America/New_York,3,30814,1840013749
Bonanza,Bonanza,Georgia,13063,Clayton,33.4589,-84.3379,3638,1339.8,shape,false,false,America/New_York,3,30228 30238,1840029445
Hannahs Mill,Hannahs Mill,Georgia,13293,Upson,32.9369,-84.3406,3632,324.6,shape,false,false,America/New_York,3,30286,1840013795
Manchester,Manchester,Georgia,13199,Meriwether,32.8565,-84.6329,3612,174.0,shape,false,true,America/New_York,3,31816 31830,1840015749
Greensboro,Greensboro,Georgia,13133,Greene,33.5687,-83.1872,3573,199.7,shape,false,true,America/New_York,3,30642,1840013744
Blackshear,Blackshear,Georgia,13229,Pierce,31.2954,-82.2453,3521,268.3,shape,false,true,America/New_York,3,31516,1840013870
Cleveland,Cleveland,Georgia,13311,White,34.597,-83.7622,3512,349.8,shape,false,true,America/New_York,3,30528,1840014665
West Point,West Point,Georgia,13285,Troup,32.8937,-85.1453,3508,115.8,shape,false,true,America/New_York,3,31833,1840015752
Avondale Estates,Avondale Estates,Georgia,13089,DeKalb,33.7699,-84.2648,3507,1107.2,shape,false,true,America/New_York,3,30002,1840013702
Pelham,Pelham,Georgia,13205,Mitchell,31.1267,-84.1515,3501,331.5,shape,false,true,America/New_York,3,31779 31739,1840014967
Wrightsville,Wrightsville,Georgia,13167,Johnson,32.727,-82.7191,3471,365.7,shape,false,true,America/New_York,3,31096,1840015789
Leesburg,Leesburg,Georgia,13177,Lee,31.7324,-84.1688,3465,272.3,shape,false,true,America/New_York,3,31763,1840014940
Alma,Alma,Georgia,13005,Bacon,31.5432,-82.4745,3433,217.6,shape,false,true,America/New_York,3,31510,1840013863
Ringgold,Ringgold,Georgia,13047,Catoosa,34.9136,-85.1215,3418,263.2,shape,false,true,America/New_York,3,30736,1840014652
Gray,Gray,Georgia,13169,Jones,33.0021,-83.5374,3415,334.9,shape,false,true,America/New_York,3,31032,1840013786
Hahira,Hahira,Georgia,13185,Lowndes,30.9941,-83.3786,3361,482.2,shape,false,true,America/New_York,3,31632,1840013904
Ocilla,Ocilla,Georgia,13155,Irwin,31.5987,-83.2498,3338,506.4,shape,false,true,America/New_York,3,31774,1840014950
Putney,Putney,Georgia,13095,Dougherty,31.4755,-84.101,3295,57.8,shape,false,false,America/New_York,3,31705,1840013865
Chattahoochee Hills,Chattahoochee Hills,Georgia,13121,Fulton,33.5694,-84.7441,3273,21.7,shape,false,true,America/New_York,3,30268 30213,1840022892
Hogansville,Hogansville,Georgia,13285,Troup,33.1674,-84.9027,3240,170.8,shape,false,true,America/New_York,3,30230,1840014852
Tallapoosa,Tallapoosa,Georgia,13143,Haralson,33.7335,-85.2859,3232,124.4,shape,false,true,America/New_York,3,30176,1840015662
Hardwick,Hardwick,Georgia,13009,Baldwin,33.0523,-83.244,3202,254.3,shape,false,false,America/New_York,3,31061 31034,1840013785
Alamo,Alamo,Georgia,13309,Wheeler,32.1469,-82.7798,3180,626.7,shape,false,true,America/New_York,3,30411,1840015824
Grantville,Grantville,Georgia,13077,Coweta,33.2371,-84.8293,3175,208.0,shape,false,true,America/New_York,3,30220,1840013760
Tybee Island,Tybee Island,Georgia,13051,Chatham,32.0095,-80.8531,3126,418.9,shape,false,true,America/New_York,3,31328,1840015831
Cuthbert,Cuthbert,Georgia,13243,Randolph,31.7713,-84.794,3109,394.2,shape,false,true,America/New_York,3,39840,1840014939
Hoschton,Hoschton,Georgia,13157,Jackson,34.0853,-83.7594,3099,247.4,shape,false,true,America/New_York,3,30548,1840014722
Unadilla,Unadilla,Georgia,13093,Dooly,32.2583,-83.7356,3073,196.3,shape,false,true,America/New_York,3,31091,1840015828
Nicholls,Nicholls,Georgia,13069,Coffee,31.5186,-82.6396,3062,500.4,shape,false,true,America/New_York,3,31554,1840014947
Montezuma,Montezuma,Georgia,13193,Macon,32.2997,-84.0246,3040,257.1,shape,false,true,America/New_York,3,31063,1840014898
Henderson,Henderson,Georgia,13051,Chatham,32.0102,-81.2655,3005,668.4,shape,false,false,America/New_York,3,31419,1840137955
Watkinsville,Watkinsville,Georgia,13219,Oconee,33.861,-83.4072,2998,353.4,shape,false,true,America/New_York,3,30677,1840012722
Chickamauga,Chickamauga,Georgia,13295,Walker,34.8753,-85.2885,2978,403.7,shape,false,true,America/New_York,3,30707,1840014654
Millen,Millen,Georgia,13165,Jenkins,32.8071,-81.9423,2973,320.7,shape,false,true,America/New_York,3,30442,1840014867
Vienna,Vienna,Georgia,13093,Dooly,32.0926,-83.7868,2944,204.8,shape,false,true,America/New_York,3,31092,1840015829
Bloomingdale,Bloomingdale,Georgia,13051,Chatham,32.1249,-81.3077,2933,82.2,shape,false,true,America/New_York,3,31302,1840013840
Lakeland,Lakeland,Georgia,13173,Lanier,31.0409,-83.0748,2928,364.4,shape,false,true,America/New_York,3,31635,1840012921
Lake City,Lake City,Georgia,13063,Clayton,33.6065,-84.3411,2916,605.9,shape,false,true,America/New_York,3,30260,1840014817
Soperton,Soperton,Georgia,13283,Treutlen,32.3782,-82.5945,2905,254.8,shape,false,true,America/New_York,3,30457,1840015811
East Dublin,East Dublin,Georgia,13175,Laurens,32.5468,-82.8675,2889,264.4,shape,false,true,America/New_York,3,31027,1840013815
Lula,Lula,Georgia,13139,Hall,34.3955,-83.6659,2880,257.7,shape,false,true,America/New_York,3,30554,1840015559
Statham,Statham,Georgia,13013,Barrow,33.9647,-83.6018,2829,274.8,shape,false,true,America/New_York,3,30666,1840015622
Donalsonville,Donalsonville,Georgia,13253,Seminole,31.0404,-84.8792,2824,274.6,shape,false,true,America/New_York,3,39845,1840014997
Reed Creek,Reed Creek,Georgia,13147,Hart,34.4395,-82.9103,2803,45.4,shape,false,false,America/New_York,3,30643,1840013613
Springfield,Springfield,Georgia,13103,Effingham,32.3636,-81.303,2753,326.8,shape,false,true,America/New_York,3,31329,1840015803
Abbeville,Abbeville,Georgia,13315,Wilcox,31.9925,-83.3068,2752,347.6,shape,false,true,America/New_York,3,31001,1840013845
Lakeview Estates,Lakeview Estates,Georgia,13247,Rockdale,33.7047,-84.0367,2714,2061.3,shape,false,false,America/New_York,2,30012,1840029280
Louisville,Louisville,Georgia,13163,Jefferson,32.9955,-82.4001,2704,289.1,shape,false,true,America/New_York,3,30434,1840015735
Kennesaw State University,Kennesaw State University,Georgia,13067,Cobb,34.0379,-84.5826,2642,2601.4,shape,false,false,America/New_York,2,30144,1840143246
Sylvania,Sylvania,Georgia,13251,Screven,32.7466,-81.6409,2618,200.3,shape,false,true,America/New_York,3,30467,1840015763
Lavonia,Lavonia,Georgia,13119,Franklin,34.4341,-83.1079,2617,224.2,shape,false,true,America/New_York,3,30553,1840014692
Lithonia,Lithonia,Georgia,13089,DeKalb,33.7129,-84.106,2614,1087.8,shape,false,true,America/New_York,3,30058,1840015644
Monticello,Monticello,Georgia,13159,Jasper,33.2955,-83.686,2593,240.6,shape,false,true,America/New_York,3,31064,1840014832
Bowdon,Bowdon,Georgia,13045,Carroll,33.5378,-85.254,2590,294.2,shape,false,true,America/New_York,3,30108,1840013738
Experiment,Experiment,Georgia,13255,Spalding,33.279,-84.276,2578,334.6,shape,false,false,America/New_York,3,30223 30212,1840013099
Claxton,Claxton,Georgia,13109,Evans,32.1613,-81.9094,2573,571.5,shape,false,true,America/New_York,3,30417,1840014910
Thunderbolt,Thunderbolt,Georgia,13051,Chatham,32.0339,-81.0479,2552,733.7,shape,false,true,America/New_York,3,31404 31410,1840017030
Pembroke,Pembroke,Georgia,13029,Bryan,32.1455,-81.6185,2542,128.4,shape,false,true,America/New_York,3,31321,1840014912
Reidsville,Reidsville,Georgia,13267,Tattnall,32.0871,-82.1244,2538,129.4,shape,false,true,America/New_York,3,30453 30499,1840014908
Raoul,Raoul,Georgia,13137,Habersham,34.4548,-83.5996,2529,487.2,shape,false,false,America/New_York,3,30510,1840013577
Ball Ground,Ball Ground,Georgia,13057,Cherokee,34.3426,-84.3637,2527,154.9,shape,false,true,America/New_York,3,30107,1840013623
Berkeley Lake,Berkeley Lake,Georgia,13135,Gwinnett,33.9805,-84.1839,2527,561.2,shape,false,true,America/New_York,3,30071 30096,1840013677
Sparks,Sparks,Georgia,13075,Cook,31.1693,-83.4405,2459,239.4,shape,false,true,America/New_York,3,31647,1840018187
Midway,Midway,Georgia,13179,Liberty,31.8003,-81.419,2453,147.1,shape,false,true,America/New_York,3,31320,1840014929
Kings Bay Base,Kings Bay Base,Georgia,13039,Camden,30.7985,-81.5628,2449,343.5,shape,true,true,America/New_York,3,31558 31547,1840035817
Varnell,Varnell,Georgia,13313,Whitfield,34.9015,-84.9645,2410,243.0,shape,false,true,America/New_York,3,30756 30721 30710,1840015528
Guyton,Guyton,Georgia,13103,Effingham,32.341,-81.4224,2405,289.6,shape,false,true,America/New_York,3,31312,1840013823
Trion,Trion,Georgia,13055,Chattooga,34.548,-85.3114,2389,227.3,shape,false,true,America/New_York,3,30753,1840016623
Mount Zion,Mount Zion,Georgia,13045,Carroll,33.6408,-85.1803,2346,93.3,shape,false,true,America/New_York,3,30117 30182 30150,1840014802
Royston,Royston,Georgia,13119,Franklin,34.2861,-83.1106,2305,271.3,shape,false,true,America/New_York,3,30662,1840014691
Demorest,Demorest,Georgia,13137,Habersham,34.5648,-83.5424,2293,394.7,shape,false,true,America/New_York,3,30535,1840014662
Clayton,Clayton,Georgia,13241,Rabun,34.8775,-83.4027,2277,258.7,shape,false,true,America/New_York,3,30525,1840014636
Mount Vernon,Mount Vernon,Georgia,13209,Montgomery,32.1834,-82.5959,2251,207.0,shape,false,true,America/New_York,3,30445,1840014905
Unionville,Unionville,Georgia,13277,Tift,31.4363,-83.5084,2215,1138.7,shape,false,false,America/New_York,3,31794,1840029357
Gumlog,Gumlog,Georgia,13119,Franklin,34.495,-83.0975,2212,63.3,shape,false,false,America/New_York,3,30553 30557,1840029455
Davisboro,Davisboro,Georgia,13303,Washington,32.9826,-82.6032,2196,277.9,shape,false,true,America/New_York,3,31018,1840014850
Trenton,Trenton,Georgia,13083,Dade,34.8741,-85.5096,2188,262.7,shape,false,true,America/New_York,3,30752,1840015529
Winterville,Winterville,Georgia,13059,Clarke,33.9666,-83.2815,2165,316.7,shape,false,true,America/New_York,3,30683,1840015638
Deenwood,Deenwood,Georgia,13299,Ware,31.2477,-82.3677,2146,247.1,shape,false,false,America/New_York,3,31501 31503,1840029444
Ludowici,Ludowici,Georgia,13183,Long,31.7093,-81.7452,2137,287.4,shape,false,true,America/New_York,3,31316,1840015848
Isle of Hope,Isle of Hope,Georgia,13051,Chatham,31.9848,-81.0532,2137,420.8,shape,false,false,America/New_York,3,31406,1840013837
Colquitt,Colquitt,Georgia,13201,Miller,31.1741,-84.7319,2131,99.9,shape,false,true,America/New_York,3,39837,1840014983
Gordon,Gordon,Georgia,13319,Wilkinson,32.8866,-83.3349,2107,150.9,shape,false,true,America/New_York,3,31031,1840013792
Nicholson,Nicholson,Georgia,13157,Jackson,34.1172,-83.4289,2067,201.7,shape,false,true,America/New_York,3,30565,1840014721
Wrens,Wrens,Georgia,13163,Jefferson,33.207,-82.3878,2063,254.1,shape,false,true,America/New_York,3,30833,1840015739
Butler,Butler,Georgia,13269,Taylor,32.557,-84.2377,2059,244.9,shape,false,true,America/New_York,3,31006,1840013809
Wadley,Wadley,Georgia,13163,Jefferson,32.8663,-82.4014,2049,173.6,shape,false,true,America/New_York,3,30477,1840015738
Homerville,Homerville,Georgia,13065,Clinch,31.0385,-82.742,2049,226.5,shape,false,true,America/New_York,3,31634,1840014984
Oxford,Oxford,Georgia,13217,Newton,33.6277,-83.8721,2033,364.5,shape,false,true,America/New_York,3,30054,1840014809
Indian Springs,Indian Springs,Georgia,13047,Catoosa,34.9606,-85.159,1983,298.9,shape,false,false,America/New_York,3,30736,1840013552
Buena Vista,Buena Vista,Georgia,13197,Marion,32.3188,-84.5177,1964,235.6,shape,false,true,America/New_York,3,31803,1840013827
Hamilton,Hamilton,Georgia,13145,Harris,32.7647,-84.8753,1946,220.1,shape,false,true,America/New_York,3,31811,1840013803
Sparta,Sparta,Georgia,13141,Hancock,33.2766,-82.9704,1944,414.4,shape,false,true,America/New_York,3,31087,1840015725
Sterling,Sterling,Georgia,13127,Glynn,31.2603,-81.5525,1903,170.6,shape,false,false,America/New_York,3,31523 31525,1840029180
Clarkesville,Clarkesville,Georgia,13137,Habersham,34.6103,-83.5284,1885,296.1,shape,false,true,America/New_York,3,30523,1840014660
Lincolnton,Lincolnton,Georgia,13181,Lincoln,33.7931,-82.4776,1876,206.1,shape,false,true,America/New_York,3,30817,1840015643
Twin City,Twin City,Georgia,13107,Emanuel,32.5829,-82.1575,1849,199.8,shape,false,true,America/New_York,3,30471,1840015788
Warrenton,Warrenton,Georgia,13301,Warren,33.4067,-82.6653,1847,373.9,shape,false,true,America/New_York,3,30828,1840015710
Morgan,Morgan,Georgia,13037,Calhoun,31.5381,-84.6033,1832,540.1,shape,false,true,America/New_York,3,39866,1840014953
Cataula,Cataula,Georgia,13145,Harris,32.6566,-84.8674,1829,109.1,shape,false,false,America/New_York,3,31804,1840029230
Arcade,Arcade,Georgia,13157,Jackson,34.0693,-83.5399,1829,76.8,shape,false,true,America/New_York,3,30549,1840013650
Pearson,Pearson,Georgia,13003,Atkinson,31.297,-82.8544,1826,210.3,shape,false,true,America/New_York,3,31642,1840014971
Comer,Comer,Georgia,13195,Madison,34.0625,-83.1263,1810,215.9,shape,false,true,America/New_York,3,30629,1840014726
Lookout Mountain,Lookout Mountain,Georgia,13295,Walker,34.9664,-85.3622,1793,267.1,shape,false,true,America/New_York,3,30750,1840015530
Aragon,Aragon,Georgia,13233,Polk,34.0458,-85.057,1764,625.9,shape,false,true,America/New_York,3,30104,1840013684
Ellijay,Ellijay,Georgia,13123,Gilmer,34.6914,-84.4839,1750,190.6,shape,false,true,America/New_York,3,30540,1840013575
Berry College,Berry College,Georgia,13115,Floyd,34.2911,-85.1878,1727,545.7,shape,false,false,America/New_York,3,30149,1840143247
Pendergrass,Pendergrass,Georgia,13157,Jackson,34.1646,-83.6827,1705,194.6,shape,false,true,America/New_York,3,30567,1840016715
Chester,Chester,Georgia,13091,Dodge,32.3945,-83.1551,1702,746.3,shape,false,true,America/New_York,3,31012,1840017004
Shannon,Shannon,Georgia,13115,Floyd,34.3406,-85.0854,1673,129.7,shape,false,false,America/New_York,3,30161 30172,1840013603
Maysville,Maysville,Georgia,13157,Jackson,34.2555,-83.5521,1665,138.1,shape,false,true,America/New_York,3,30558,1840016660
Union Point,Union Point,Georgia,13133,Greene,33.6178,-83.0751,1661,325.1,shape,false,true,America/New_York,3,30669,1840015686
Homer,Homer,Georgia,13011,Banks,34.3355,-83.4986,1659,65.3,shape,false,true,America/New_York,3,30547,1840016659
McCaysville,McCaysville,Georgia,13111,Fannin,34.9811,-84.3706,1639,420.5,shape,false,true,America/New_York,3,30555,1840015526
Zebulon,Zebulon,Georgia,13231,Pike,33.093,-84.3427,1625,132.6,shape,false,true,America/New_York,3,30292 30295,1840015754
Walnut Grove,Walnut Grove,Georgia,13297,Walton,33.7452,-83.8512,1620,220.1,shape,false,true,America/New_York,3,30014 30052,1840015659
Remerton,Remerton,Georgia,13185,Lowndes,30.8441,-83.3085,1602,956.7,shape,false,true,America/New_York,3,31602 31601,1840014999
Porterdale,Porterdale,Georgia,13217,Newton,33.5739,-83.8941,1602,260.0,shape,false,true,America/New_York,3,30070 30014 30016,1840014810
Emerson,Emerson,Georgia,13015,Bartow,34.1303,-84.7483,1594,71.3,shape,false,true,America/New_York,3,30137 30121 30120,1840013621
Eton,Eton,Georgia,13213,Murray,34.8282,-84.7655,1574,474.6,shape,false,true,America/New_York,3,30705 30724,1840013550
Brooklet,Brooklet,Georgia,13031,Bulloch,32.3897,-81.6668,1528,179.1,shape,false,true,America/New_York,3,30415,1840013821
Tennille,Tennille,Georgia,13303,Washington,32.9359,-82.8134,1522,331.9,shape,false,true,America/New_York,3,31089,1840015747
Moody AFB,Moody AFB,Georgia,13185,Lowndes,30.9714,-83.1954,1506,143.6,shape,true,true,America/New_York,4,31699 31605,1840073868
Ellaville,Ellaville,Georgia,13249,Schley,32.238,-84.3089,1492,182.3,shape,false,true,America/New_York,3,31806,1840013830
Pine Mountain,Pine Mountain,Georgia,13145,Harris,32.8522,-84.8521,1474,184.9,shape,false,true,America/New_York,3,31822,1840016961
Roberta,Roberta,Georgia,13079,Crawford,32.7196,-84.0104,1462,379.1,shape,false,true,America/New_York,3,31078,1840014874
Willacoochee,Willacoochee,Georgia,13003,Atkinson,31.3358,-83.0446,1452,146.8,shape,false,true,America/New_York,3,31650,1840015875
Hagan,Hagan,Georgia,13109,Evans,32.1536,-81.9304,1444,272.7,shape,false,true,America/New_York,3,30429 30417,1840013834
Rock Spring,Rock Spring,Georgia,13295,Walker,34.8147,-85.2389,1415,188.7,shape,false,false,America/New_York,3,30739,1840029214
Russell,Russell,Georgia,13013,Barrow,33.9797,-83.6919,1402,466.0,shape,false,false,America/New_York,3,30680,1840013681
Nahunta,Nahunta,Georgia,13025,Brantley,31.2065,-81.9814,1386,189.8,shape,false,true,America/New_York,3,31553,1840014972
Mount Airy,Mount Airy,Georgia,13137,Habersham,34.5221,-83.4976,1373,219.5,shape,false,true,America/New_York,3,30563 30531,1840016567
Blue Ridge,Blue Ridge,Georgia,13111,Fannin,34.8666,-84.3218,1366,197.0,shape,false,true,America/New_York,3,30513,1840013551
Resaca,Resaca,Georgia,13129,Gordon,34.5789,-84.9439,1363,189.8,shape,false,true,America/New_York,3,30735 30701,1840017930
Alto,Alto,Georgia,13011,Banks,34.4649,-83.5727,1328,452.3,shape,false,true,America/New_York,3,30510,1840015543
Robins AFB,Robins AFB,Georgia,13153,Houston,32.6092,-83.5846,1316,184.4,shape,true,true,America/New_York,4,31098,1840036023
Omega,Omega,Georgia,13277,Tift,31.3389,-83.595,1302,282.0,shape,false,true,America/New_York,3,31775,1840014957
Richland,Richland,Georgia,13259,Stewart,32.0885,-84.6625,1290,155.6,shape,false,true,America/New_York,3,31825,1840014916
Bogart,Bogart,Georgia,13219,Oconee,33.9479,-83.5341,1276,200.7,shape,false,true,America/New_York,3,30622,1840015648
Dutch Island,Dutch Island,Georgia,13051,Chatham,32.0047,-81.0317,1268,199.0,shape,false,true,America/New_York,4,31406,1840039166
Darien,Darien,Georgia,13191,McIntosh,31.3568,-81.4314,1253,22.9,shape,false,true,America/New_York,3,31305 31331 31319,1840014952
Enigma,Enigma,Georgia,13019,Berrien,31.4076,-83.329,1251,148.5,shape,false,true,America/New_York,3,31749,1840017103
Buchanan,Buchanan,Georgia,13143,Haralson,33.803,-85.1804,1238,320.9,shape,false,true,America/New_York,3,30113,1840013716
Fairplay,Fairplay,Georgia,13097,Douglas,33.6187,-84.8605,1234,174.6,shape,false,false,America/New_York,3,30135 30187,1840048039
Edison,Edison,Georgia,13037,Calhoun,31.5608,-84.7374,1229,202.8,shape,false,true,America/New_York,3,39846,1840013867
Sycamore,Sycamore,Georgia,13287,Turner,31.6711,-83.6352,1223,476.1,shape,false,true,America/New_York,3,31790,1840015854
Fairmount,Fairmount,Georgia,13129,Gordon,34.4383,-84.6998,1213,256.5,shape,false,true,America/New_York,3,30139,1840013595
East Griffin,East Griffin,Georgia,13255,Spalding,33.2439,-84.2318,1206,336.0,shape,false,false,America/New_York,3,30223,1840013098
Flemington,Flemington,Georgia,13179,Liberty,31.8507,-81.5603,1202,97.4,shape,false,true,America/New_York,3,31313,1840013847
Talahi Island,Talahi Island,Georgia,13051,Chatham,32.0331,-80.976,1185,355.5,shape,false,true,America/New_York,3,31410,1840039168
Tunnel Hill,Tunnel Hill,Georgia,13313,Whitfield,34.8496,-85.0393,1168,226.4,shape,false,true,America/New_York,3,30755,1840015527
West Brow,West Brow,Georgia,13083,Dade,34.9148,-85.4186,1167,172.5,shape,false,false,America/New_York,3,30738 30750,1840049691
Flovilla,Flovilla,Georgia,13035,Butts,33.2524,-83.903,1165,229.7,shape,false,true,America/New_York,3,30216,1840013767
Tignall,Tignall,Georgia,13317,Wilkes,33.8674,-82.742,1163,163.0,shape,false,true,America/New_York,3,30668,1840016771
Homeland,Homeland,Georgia,13049,Charlton,30.8603,-82.0214,1155,178.4,shape,false,true,America/New_York,3,31537,1840014998
Arlington,Arlington,Georgia,13037,Calhoun,31.4383,-84.7253,1141,110.2,shape,false,true,America/New_York,3,39813,1840013866
Hiawassee,Hiawassee,Georgia,13281,Towns,34.9495,-83.7531,1140,270.1,shape,false,true,America/New_York,3,30546,1840014645
Lumber City,Lumber City,Georgia,13271,Telfair,31.933,-82.6828,1127,226.0,shape,false,true,America/New_York,3,31549,1840015834
Norman Park,Norman Park,Georgia,13071,Colquitt,31.2692,-83.6843,1121,140.6,shape,false,true,America/New_York,3,31771,1840014978
Boston,Boston,Georgia,13275,Thomas,30.792,-83.7899,1108,189.9,shape,false,true,America/New_York,3,31626,1840013902
Sardis,Sardis,Georgia,13033,Burke,32.9756,-81.7621,1108,276.3,shape,false,true,America/New_York,3,30456,1840015740
Clermont,Clermont,Georgia,13139,Hall,34.4783,-83.772,1092,142.9,shape,false,true,America/New_York,3,30527,1840016648
Greenville,Greenville,Georgia,13199,Meriwether,33.0322,-84.7163,1088,179.2,shape,false,true,America/New_York,3,30222,1840013782
Oglethorpe,Oglethorpe,Georgia,13193,Macon,32.2934,-84.0625,1084,208.6,shape,false,true,America/New_York,3,31068,1840014899
Broxton,Broxton,Georgia,13069,Coffee,31.6248,-82.8877,1082,128.7,shape,false,true,America/New_York,3,31519,1840013858
Rutledge,Rutledge,Georgia,13211,Morgan,33.6263,-83.6112,1069,125.6,shape,false,true,America/New_York,3,30663,1840014800
Young Harris,Young Harris,Georgia,13281,Towns,34.9348,-83.8472,1066,434.8,shape,false,true,America/New_York,3,30582,1840015523
Dasher,Dasher,Georgia,13185,Lowndes,30.7462,-83.2253,1063,89.3,shape,false,true,America/New_York,3,31636 31601 31606,1840017144
Ivey,Ivey,Georgia,13319,Wilkinson,32.9092,-83.2983,1060,158.0,shape,false,true,America/New_York,3,31031,1840014866
Woodbine,Woodbine,Georgia,13039,Camden,30.9598,-81.7176,1043,158.3,shape,false,true,America/New_York,3,31569,1840015889
Ray City,Ray City,Georgia,13019,Berrien,31.0729,-83.196,1043,351.3,shape,false,true,America/New_York,3,31645,1840014965
Dexter,Dexter,Georgia,13175,Laurens,32.4331,-83.0595,1042,524.2,shape,false,true,America/New_York,3,31019,1840016973
Franklin Springs,Franklin Springs,Georgia,13119,Franklin,34.284,-83.1459,1040,184.3,shape,false,true,America/New_York,3,30639 30662,1840013608
Ellerslie,Ellerslie,Georgia,13145,Harris,32.6341,-84.7978,1037,161.0,shape,false,false,America/New_York,3,31807,1840048894
Fort Gaines,Fort Gaines,Georgia,13061,Clay,31.6238,-85.0528,1035,83.7,shape,false,true,America/New_York,3,39851,1840013859
Crawford,Crawford,Georgia,13221,Oglethorpe,33.8831,-83.1551,1019,337.7,shape,false,true,America/New_York,3,30630,1840014763
Marshallville,Marshallville,Georgia,13193,Macon,32.4564,-83.9407,1014,125.3,shape,false,true,America/New_York,3,31057,1840015810
Rochelle,Rochelle,Georgia,13315,Wilcox,31.9488,-83.4569,992,200.9,shape,false,true,America/New_York,3,31079,1840014928
Mountain City,Mountain City,Georgia,13241,Rabun,34.9196,-83.3854,991,210.7,shape,false,true,America/New_York,3,30562 30568 30525,1840016507
Cave Spring,Cave Spring,Georgia,13115,Floyd,34.1081,-85.3388,982,103.4,shape,false,true,America/New_York,3,30124,1840014680
Lake Park,Lake Park,Georgia,13185,Lowndes,30.6851,-83.1873,980,234.4,shape,false,true,America/New_York,3,31636,1840015000
Jeffersonville,Jeffersonville,Georgia,13289,Twiggs,32.6863,-83.3433,968,102.2,shape,false,true,America/New_York,3,31044,1840014871
Riceboro,Riceboro,Georgia,13179,Liberty,31.7264,-81.4438,967,33.6,shape,false,true,America/New_York,3,31323,1840014930
Baconton,Baconton,Georgia,13205,Mitchell,31.3804,-84.1592,964,190.7,shape,false,true,America/New_York,3,31716,1840013876
Sunnyside,Sunnyside,Georgia,13299,Ware,31.2406,-82.3411,962,261.8,shape,false,false,America/New_York,3,31501,1840029459
Danielsville,Danielsville,Georgia,13195,Madison,34.1238,-83.2202,953,254.5,shape,false,true,America/New_York,3,30633,1840014727
Nelson,Nelson,Georgia,13057,Cherokee,34.3789,-84.3707,946,239.7,shape,false,true,America/New_York,3,30107 30151,1840014686
Jekyll Island,Jekyll Island,Georgia,13127,Glynn,31.0732,-81.4206,946,40.6,shape,false,false,America/New_York,3,31527,1840151618
Franklin,Franklin,Georgia,13149,Heard,33.2797,-85.0985,938,112.6,shape,false,true,America/New_York,3,30217,1840013769
Carnesville,Carnesville,Georgia,13119,Franklin,34.3729,-83.2328,935,114.9,shape,false,true,America/New_York,3,30521,1840014690
Offerman,Offerman,Georgia,13229,Pierce,31.4088,-82.1132,935,110.3,shape,false,true,America/New_York,3,31557 31556,1840014958
Meigs,Meigs,Georgia,13275,Thomas,31.0714,-84.0922,934,231.8,shape,false,true,America/New_York,3,31765,1840015892
Shellman,Shellman,Georgia,13243,Randolph,31.7571,-84.6159,928,113.8,shape,false,true,America/New_York,3,39886,1840015851
East Newnan,East Newnan,Georgia,13077,Coweta,33.3461,-84.7763,917,125.3,shape,false,false,America/New_York,3,30263,1840013097
Canon,Canon,Georgia,13119,Franklin,34.3455,-83.1107,912,112.8,shape,false,true,America/New_York,3,30520,1840014689
Gibson,Gibson,Georgia,13125,Glascock,33.2334,-82.5959,898,338.4,shape,false,true,America/New_York,3,30810,1840013779
Doerun,Doerun,Georgia,13071,Colquitt,31.3218,-83.917,897,269.6,shape,false,true,America/New_York,3,31744,1840014976
Bowman,Bowman,Georgia,13105,Elbert,34.2051,-83.0309,889,110.1,shape,false,true,America/New_York,3,30624,1840013652
Pine Lake,Pine Lake,Georgia,13089,DeKalb,33.7906,-84.2061,888,1515.2,shape,false,true,America/New_York,3,30072 30083,1840014779
Lenox,Lenox,Georgia,13075,Cook,31.2672,-83.4673,887,214.9,shape,false,true,America/New_York,3,31637,1840017112
Woodbury,Woodbury,Georgia,13199,Meriwether,32.9849,-84.5819,872,162.7,shape,false,true,America/New_York,3,30293,1840015751
Hoboken,Hoboken,Georgia,13025,Brantley,31.1813,-82.1313,858,96.6,shape,false,true,America/New_York,3,31542,1840014973
Funston,Funston,Georgia,13071,Colquitt,31.1989,-83.8771,838,283.3,shape,false,true,America/New_York,3,31768 31753,1840013881
White,White,Georgia,13015,Bartow,34.2823,-84.7481,819,302.2,shape,false,true,America/New_York,3,30184,1840015572
Milstead,Milstead,Georgia,13247,Rockdale,33.6867,-83.9904,810,716.5,shape,false,false,America/New_York,3,30012,1840049246
Reynolds,Reynolds,Georgia,13269,Taylor,32.5608,-84.0943,793,153.9,shape,false,true,America/New_York,3,31076,1840014879
Luthersville,Luthersville,Georgia,13199,Meriwether,33.2096,-84.7442,792,96.0,shape,false,true,America/New_York,3,30251,1840015748
Plains,Plains,Georgia,13261,Sumter,32.0331,-84.3946,781,370.4,shape,false,true,America/New_York,3,31780,1840014918
Waco,Waco,Georgia,13143,Haralson,33.7026,-85.1893,776,163.2,shape,false,true,America/New_York,3,30110 30182,1840015663
Lumpkin,Lumpkin,Georgia,13259,Stewart,32.0487,-84.7981,776,189.4,shape,false,true,America/New_York,3,31815,1840015832
Coolidge,Coolidge,Georgia,13275,Thomas,31.0113,-83.866,775,366.4,shape,false,true,America/New_York,3,31738,1840014996
Kingston,Kingston,Georgia,13015,Bartow,34.2319,-84.9444,774,237.4,shape,false,true,America/New_York,3,30145,1840014702
Williamson,Williamson,Georgia,13231,Pike,33.1777,-84.3581,774,222.2,shape,false,true,America/New_York,3,30292,1840015755
Berlin,Berlin,Georgia,13071,Colquitt,31.068,-83.6232,769,355.4,shape,false,true,America/New_York,3,31788 31722,1840013882
Poulan,Poulan,Georgia,13321,Worth,31.5145,-83.7898,768,177.2,shape,false,true,America/New_York,3,31781,1840014941
Waleska,Waleska,Georgia,13057,Cherokee,34.3172,-84.5499,764,186.8,shape,false,true,America/New_York,3,30183,1840015573
Lincoln Park,Lincoln Park,Georgia,13293,Upson,32.8674,-84.3348,739,332.9,shape,false,false,America/New_York,3,30286,1840013797
Glenwood,Glenwood,Georgia,13309,Wheeler,32.1805,-82.6709,739,153.3,shape,false,true,America/New_York,3,30428,1840013833
Blairsville,Blairsville,Georgia,13291,Union,34.876,-83.9546,736,257.0,shape,false,true,America/New_York,3,30512 30514,1840013555
Cohutta,Cohutta,Georgia,13313,Whitfield,34.9539,-84.9592,729,51.4,shape,false,true,America/New_York,3,30710,1840014650
Patterson,Patterson,Georgia,13229,Pierce,31.3853,-82.1373,729,106.7,shape,false,true,America/New_York,3,31557,1840014959
Talbotton,Talbotton,Georgia,13263,Talbot,32.6773,-84.5406,728,90.5,shape,false,true,America/New_York,3,31827,1840015780
North High Shoals,North High Shoals,Georgia,13219,Oconee,33.8271,-83.5014,725,115.7,shape,false,true,America/New_York,3,30621 30645,1840016783
Brooks,Brooks,Georgia,13113,Fayette,33.2925,-84.4588,719,64.7,shape,false,true,America/New_York,3,30205,1840015714
McIntyre,McIntyre,Georgia,13319,Wilkinson,32.8466,-83.2011,718,53.5,shape,false,true,America/New_York,3,31054,1840016941
Attapulgus,Attapulgus,Georgia,13087,Decatur,30.7495,-84.4839,715,346.7,shape,false,true,America/New_York,3,39815,1840013898
Pavo,Pavo,Georgia,13275,Thomas,30.9597,-83.738,715,156.9,shape,false,true,America/New_York,3,31778,1840014994
Stillmore,Stillmore,Georgia,13107,Emanuel,32.441,-82.2145,712,88.9,shape,false,true,America/New_York,3,30471 30464,1840015785
Sunset Village,Sunset Village,Georgia,13293,Upson,32.8946,-84.4057,702,56.5,shape,false,false,America/New_York,3,30286,1840013796
Appling,Appling,Georgia,13073,Columbia,33.5588,-82.3183,701,30.7,shape,false,false,America/New_York,3,30802,1840029376
Waverly Hall,Waverly Hall,Georgia,13145,Harris,32.6837,-84.7378,700,81.0,shape,false,true,America/New_York,3,31831,1840016960
Screven,Screven,Georgia,13305,Wayne,31.484,-82.0171,689,123.3,shape,false,true,America/New_York,3,31560,1840015857
Crooked Creek,Crooked Creek,Georgia,13237,Putnam,33.2616,-83.2679,674,80.5,shape,false,false,America/New_York,3,31024,1840139859
Blythe,Blythe,Georgia,13245,Richmond,33.3011,-82.2025,672,91.0,shape,false,true,America/New_York,3,30805,1840015715
Ochlocknee,Ochlocknee,Georgia,13275,Thomas,30.9751,-84.0517,672,280.1,shape,false,true,America/New_York,3,31773,1840017142
Graham,Graham,Georgia,13001,Appling,31.8292,-82.503,672,149.1,shape,false,true,America/New_York,3,31513 31539,1840013849
Molena,Molena,Georgia,13231,Pike,33.0122,-84.5006,667,137.5,shape,false,true,America/New_York,3,30258,1840014854
Dudley,Dudley,Georgia,13175,Laurens,32.532,-83.0805,666,75.4,shape,false,true,America/New_York,3,31022,1840013814
Arabi,Arabi,Georgia,13081,Crisp,31.8282,-83.7302,663,40.7,shape,false,true,America/New_York,3,31712,1840015847
Dearing,Dearing,Georgia,13189,McDuffie,33.4149,-82.3852,662,313.6,shape,false,true,America/New_York,3,30808,1840016837
Whitesburg,Whitesburg,Georgia,13045,Carroll,33.4928,-84.9137,659,91.9,shape,false,true,America/New_York,3,30185,1840015680
Toomsboro,Toomsboro,Georgia,13319,Wilkinson,32.8225,-83.0826,657,136.3,shape,false,true,America/New_York,3,31090,1840015774
Crescent,Crescent,Georgia,13191,McIntosh,31.5153,-81.3752,653,55.3,shape,false,false,America/New_York,3,31331 31304,1840049900
Milan,Milan,Georgia,13271,Telfair,32.0194,-83.0631,649,80.5,shape,false,true,America/New_York,3,31060,1840014922
Gumbranch,Gumbranch,Georgia,13179,Liberty,31.8367,-81.6838,648,310.0,shape,false,true,America/New_York,3,31313,1840029263
Newborn,Newborn,Georgia,13217,Newton,33.5164,-83.6959,643,155.7,shape,false,true,America/New_York,3,30056,1840016816
Cadwell,Cadwell,Georgia,13175,Laurens,32.3396,-83.042,633,195.0,shape,false,true,America/New_York,3,31009,1840015796
Ideal,Ideal,Georgia,13193,Macon,32.3726,-84.1894,625,210.9,shape,false,true,America/New_York,3,31068 31041,1840014900
Portal,Portal,Georgia,13031,Bulloch,32.5383,-81.9297,622,120.0,shape,false,true,America/New_York,3,30450,1840016978
Whigham,Whigham,Georgia,13131,Grady,30.8845,-84.3247,621,204.3,shape,false,true,America/New_York,3,39897,1840015891
Milner,Milner,Georgia,13171,Lamar,33.1176,-84.1931,616,112.9,shape,false,true,America/New_York,3,30257,1840014855
Adrian,Adrian,Georgia,13167,Johnson,32.5306,-82.592,614,172.4,shape,false,true,America/New_York,3,31002,1840013805
Ty Ty,Ty Ty,Georgia,13277,Tift,31.472,-83.6509,613,300.5,shape,false,true,America/New_York,3,31795,1840015864
Pineview,Pineview,Georgia,13315,Wilcox,32.1084,-83.5029,609,120.6,shape,false,true,America/New_York,3,31071,1840017041
Moreland,Moreland,Georgia,13077,Coweta,33.2861,-84.7699,608,259.9,shape,false,true,America/New_York,3,30259,1840016859
Antioch,Antioch,Georgia,13145,Harris,32.679,-85.0577,605,91.3,shape,false,false,America/New_York,3,31811 31808,1840153104
Colbert,Colbert,Georgia,13195,Madison,34.037,-83.2139,601,227.7,shape,false,true,America/New_York,3,30628,1840014725
Sky Valley,Sky Valley,Georgia,13241,Rabun,34.9841,-83.3314,599,76.2,shape,false,true,America/New_York,3,30537,1840015514
Collins,Collins,Georgia,13267,Tattnall,32.1794,-82.1103,598,226.4,shape,false,true,America/New_York,3,30421,1840014907
Bethlehem,Bethlehem,Georgia,13013,Barrow,33.9368,-83.7102,598,89.6,shape,false,true,America/New_York,3,30620 30680,1840015620
Alapaha,Alapaha,Georgia,13019,Berrien,31.3832,-83.2237,592,222.5,shape,false,true,America/New_York,3,31622,1840015870
Crawfordville,Crawfordville,Georgia,13265,Taliaferro,33.5545,-82.8966,589,73.0,shape,false,true,America/New_York,3,30631,1840014811
Morven,Morven,Georgia,13027,Brooks,30.9434,-83.5003,587,131.4,shape,false,true,America/New_York,3,31638,1840014993
Waynesville,Waynesville,Georgia,13025,Brantley,31.2263,-81.788,586,246.5,shape,false,false,America/New_York,3,31566,1840048121
Byromville,Byromville,Georgia,13093,Dooly,32.2017,-83.9072,583,377.3,shape,false,true,America/New_York,3,31007,1840015827
Warwick,Warwick,Georgia,13321,Worth,31.8298,-83.9206,583,277.2,shape,false,true,America/New_York,3,31796,1840015856
Ailey,Ailey,Georgia,13209,Montgomery,32.1882,-82.5698,583,104.3,shape,false,true,America/New_York,3,30410 30445,1840013831
Epworth,Epworth,Georgia,13111,Fannin,34.951,-84.3808,575,215.1,shape,false,false,America/New_York,3,30541 30513,1840025840
Rhine,Rhine,Georgia,13091,Dodge,31.9891,-83.2,573,70.6,shape,false,true,America/New_York,3,31077,1840018116
Irwinton,Irwinton,Georgia,13319,Wilkinson,32.8107,-83.1737,572,70.2,shape,false,true,America/New_York,3,31042,1840014865
Yonah,Yonah,Georgia,13311,White,34.6437,-83.7411,568,70.1,shape,false,false,America/New_York,3,30528,1840025846
Eulonia,Eulonia,Georgia,13191,McIntosh,31.5254,-81.432,567,67.8,shape,false,false,America/New_York,3,31331,1840029193
Shiloh,Shiloh,Georgia,13145,Harris,32.8115,-84.6989,565,99.6,shape,false,true,America/New_York,3,31826,1840015784
Cobbtown,Cobbtown,Georgia,13267,Tattnall,32.2806,-82.1387,565,326.2,shape,false,true,America/New_York,3,30420,1840014906
Wildwood,Wildwood,Georgia,13083,Dade,34.9706,-85.4078,559,66.8,shape,false,false,America/New_York,3,30757,1840049707
Ephesus,Ephesus,Georgia,13149,Heard,33.4069,-85.2568,553,57.8,shape,false,true,America/New_York,3,30170 30108 30217,1840013768
Tiger,Tiger,Georgia,13241,Rabun,34.8458,-83.433,549,255.9,shape,false,true,America/New_York,3,30576,1840016508
Lyerly,Lyerly,Georgia,13055,Chattooga,34.4035,-85.4041,548,281.6,shape,false,true,America/New_York,3,30730,1840016622
Warm Springs,Warm Springs,Georgia,13199,Meriwether,32.887,-84.6781,543,139.7,shape,false,true,America/New_York,3,31830,1840015750
East Ellijay,East Ellijay,Georgia,13123,Gilmer,34.676,-84.4761,530,62.3,shape,false,true,America/New_York,3,30539 30536 30540,1840013574
Oak Park,Oak Park,Georgia,13107,Emanuel,32.3822,-82.3153,528,28.8,shape,false,true,America/New_York,3,30471 30436,1840016962
Leslie,Leslie,Georgia,13261,Sumter,31.9545,-84.0864,525,114.5,shape,false,true,America/New_York,3,31764,1840014919
Allenhurst,Allenhurst,Georgia,13179,Liberty,31.7839,-81.6078,515,182.2,shape,false,true,America/New_York,3,31301 31313,1840013846
Centralhatchee,Centralhatchee,Georgia,13149,Heard,33.3689,-85.1037,515,60.7,shape,false,true,America/New_York,3,30217,1840016876
Pitts,Pitts,Georgia,13315,Wilcox,31.9462,-83.5417,509,245.3,shape,false,true,America/New_York,3,31072,1840014927
Helen,Helen,Georgia,13311,White,34.7046,-83.7214,505,93.3,shape,false,true,America/New_York,3,30545,1840014666
Argyle,Argyle,Georgia,13065,Clinch,31.0732,-82.6489,504,113.2,shape,false,true,America/New_York,3,31634 31623,1840015885
Newton,Newton,Georgia,13007,Baker,31.3167,-84.3379,504,89.3,shape,false,true,America/New_York,3,39870,1840014966
Between,Between,Georgia,13297,Walton,33.8177,-83.8043,491,160.5,shape,false,true,America/New_York,3,30656 30655,1840015657
Empire,Empire,Georgia,13091,Dodge,32.3394,-83.295,488,81.9,shape,false,false,America/New_York,3,31014,1840025914
Arnoldsville,Arnoldsville,Georgia,13221,Oglethorpe,33.9103,-83.218,486,109.6,shape,false,true,America/New_York,3,30619,1840013695
Sautee-Nacoochee,Sautee-Nacoochee,Georgia,13311,White,34.6895,-83.686,486,52.1,shape,false,false,America/New_York,3,30571,1840140880
Maxeys,Maxeys,Georgia,13221,Oglethorpe,33.7555,-83.1737,482,78.2,shape,false,true,America/New_York,3,30667 30669,1840016758
New England,New England,Georgia,13083,Dade,34.9079,-85.488,474,53.9,shape,false,false,America/New_York,3,30757 30752,1840049757
Menlo,Menlo,Georgia,13055,Chattooga,34.4835,-85.4776,469,231.3,shape,false,true,America/New_York,3,30731,1840014679
Bowersville,Bowersville,Georgia,13147,Hart,34.373,-83.0838,469,55.7,shape,false,true,America/New_York,3,30516,1840015564
Phillipsburg,Phillipsburg,Georgia,13277,Tift,31.4389,-83.5203,467,786.9,shape,false,false,America/New_York,3,31794,1840029310
Waresboro,Waresboro,Georgia,13299,Ware,31.2451,-82.4721,463,59.1,shape,false,false,America/New_York,3,31503 31564,1840029441
Fargo,Fargo,Georgia,13065,Clinch,30.6881,-82.5721,460,64.7,shape,false,true,America/New_York,3,31631,1840013893
Bishop,Bishop,Georgia,13219,Oconee,33.8171,-83.4372,456,213.4,shape,false,true,America/New_York,3,30621,1840015647
Hiltonia,Hiltonia,Georgia,13251,Screven,32.8833,-81.6613,456,102.3,shape,false,true,America/New_York,3,30467,1840016921
Talmo,Talmo,Georgia,13157,Jackson,34.1831,-83.721,442,55.8,shape,false,true,America/New_York,3,30567 30575,1840016714
Concord,Concord,Georgia,13231,Pike,33.0917,-84.4387,442,202.8,shape,false,true,America/New_York,3,30206,1840014853
Pinehurst,Pinehurst,Georgia,13093,Dooly,32.1956,-83.7596,440,167.0,shape,false,true,America/New_York,3,31070,1840014909
Camak,Camak,Georgia,13301,Warren,33.4526,-82.6462,434,211.5,shape,false,true,America/New_York,3,30807 30828,1840015709
Roopville,Roopville,Georgia,13045,Carroll,33.4566,-85.1304,423,206.8,shape,false,true,America/New_York,3,30170,1840018001
Midville,Midville,Georgia,13033,Burke,32.8217,-82.2347,423,82.1,shape,false,true,America/New_York,3,30441,1840014846
Sale City,Sale City,Georgia,13205,Mitchell,31.2626,-84.0214,415,87.4,shape,false,true,America/New_York,3,31784,1840015872
Lexington,Lexington,Georgia,13221,Oglethorpe,33.8701,-83.1102,410,288.9,shape,false,true,America/New_York,3,30648,1840014764
Junction City,Junction City,Georgia,13263,Talbot,32.6032,-84.4573,409,67.2,shape,false,true,America/New_York,3,31812,1840016956
Newington,Newington,Georgia,13251,Screven,32.5887,-81.5063,406,193.4,shape,false,true,America/New_York,3,30446,1840016922
Ila,Ila,Georgia,13195,Madison,34.1729,-83.2929,406,203.6,shape,false,true,America/New_York,3,30530 30633 30647,1840014729
Sumner,Sumner,Georgia,13321,Worth,31.5103,-83.7369,404,88.0,shape,false,true,America/New_York,3,31789,1840017062
Carlton,Carlton,Georgia,13195,Madison,34.0426,-83.0386,403,154.6,shape,false,true,America/New_York,3,30627,1840014724
Keysville,Keysville,Georgia,13033,Burke,33.2374,-82.229,403,147.7,shape,false,true,America/New_York,3,30816,1840014847
Montrose,Montrose,Georgia,13175,Laurens,32.5595,-83.1535,398,95.2,shape,false,true,America/New_York,3,31065,1840016972
Siloam,Siloam,Georgia,13133,Greene,33.5367,-83.0812,396,126.0,shape,false,true,America/New_York,3,30665 30642,1840018004
Uvalda,Uvalda,Georgia,13209,Montgomery,32.0371,-82.5081,387,78.9,shape,false,true,America/New_York,3,30473,1840015816
Hickox,Hickox,Georgia,13025,Brantley,31.1471,-81.9952,382,55.0,shape,false,false,America/New_York,3,31553,1840029266
Piney Grove,Piney Grove,Georgia,13145,Harris,32.6218,-85.0368,381,53.7,shape,false,false,America/New_York,3,31808,1840049788
Axson,Axson,Georgia,13003,Atkinson,31.2766,-82.7236,381,97.8,shape,false,false,America/New_York,3,31624,1840029377
Sharpsburg,Sharpsburg,Georgia,13077,Coweta,33.337,-84.6504,380,151.4,shape,false,true,America/New_York,3,30277,1840018012
Turin,Turin,Georgia,13077,Coweta,33.3234,-84.6374,378,91.5,shape,false,true,America/New_York,3,30277 30276 30289,1840016861
Stapleton,Stapleton,Georgia,13163,Jefferson,33.2169,-82.4672,377,83.5,shape,false,true,America/New_York,3,30823,1840015737
Salem,Salem,Georgia,13293,Upson,32.7588,-84.1933,377,16.5,shape,false,false,America/New_York,3,31016,1840029451
Leary,Leary,Georgia,13037,Calhoun,31.4847,-84.5133,373,44.9,shape,false,true,America/New_York,3,39862,1840014954
Bostwick,Bostwick,Georgia,13211,Morgan,33.7373,-83.5141,373,49.6,shape,false,true,America/New_York,3,30623 30621,1840013737
Daisy,Daisy,Georgia,13109,Evans,32.151,-81.8362,371,148.8,shape,false,true,America/New_York,3,30423 30417,1840014911
Mineral Bluff,Mineral Bluff,Georgia,13111,Fannin,34.914,-84.2776,370,101.4,shape,false,false,America/New_York,3,30559,1840025841
Chauncey,Chauncey,Georgia,13091,Dodge,32.1059,-83.0646,369,82.6,shape,false,true,America/New_York,3,31011,1840014903
Braswell,Braswell,Georgia,13223,Paulding,33.9836,-84.9591,369,45.0,shape,false,true,America/New_York,3,30153,1840015632
Good Hope,Good Hope,Georgia,13297,Walton,33.785,-83.6094,365,76.5,shape,false,true,America/New_York,3,30641,1840013713
Martin,Martin,Georgia,13257,Stephens,34.4856,-83.1985,359,55.2,shape,false,true,America/New_York,3,30557,1840016613
Yatesville,Yatesville,Georgia,13293,Upson,32.9133,-84.1423,358,160.1,shape,false,true,America/New_York,3,31097,1840016946
Taylorsville,Taylorsville,Georgia,13015,Bartow,34.086,-84.9875,355,91.9,shape,false,true,America/New_York,3,30178,1840016671
Odum,Odum,Georgia,13305,Wayne,31.6665,-82.0269,355,67.6,shape,false,true,America/New_York,3,31555,1840014942
Higgston,Higgston,Georgia,13209,Montgomery,32.2164,-82.467,355,43.6,shape,false,true,America/New_York,3,30474 30410,1840015817
Hortense,Hortense,Georgia,13025,Brantley,31.3327,-81.9517,352,73.5,shape,false,false,America/New_York,3,31543,1840029270
Cecil,Cecil,Georgia,13075,Cook,31.0466,-83.3906,349,141.0,shape,false,true,America/New_York,3,31632 31627 31620,1840014975
Harrison,Harrison,Georgia,13303,Washington,32.8263,-82.7258,345,78.0,shape,false,true,America/New_York,3,31035,1840016897
Sasser,Sasser,Georgia,13273,Terrell,31.7199,-84.3478,345,170.6,shape,false,true,America/New_York,3,39842 39885,1840018155
Mansfield,Mansfield,Georgia,13217,Newton,33.518,-83.7348,338,119.4,shape,false,true,America/New_York,3,30055,1840015691
Bolingbroke,Bolingbroke,Georgia,13207,Monroe,32.9401,-83.7985,331,68.1,shape,false,false,America/New_York,3,31210 31004,1840029380
Damascus,Damascus,Georgia,13099,Early,31.2989,-84.717,331,72.6,shape,false,true,America/New_York,3,39841,1840014961
Bronwood,Bronwood,Georgia,13273,Terrell,31.8305,-84.3644,323,157.8,shape,false,true,America/New_York,3,39826,1840015850
Iron City,Iron City,Georgia,13253,Seminole,31.0136,-84.8133,322,155.7,shape,false,true,America/New_York,3,39859,1840017143
Smithville,Smithville,Georgia,13177,Lee,31.9011,-84.2552,320,48.6,shape,false,true,America/New_York,3,31787,1840015852
Barwick,Barwick,Georgia,13027,Brooks,30.8933,-83.7391,316,169.9,shape,false,true,America/New_York,3,31720,1840013901
Rebecca,Rebecca,Georgia,13287,Turner,31.8072,-83.4876,315,154.8,shape,false,true,America/New_York,3,31783,1840018156
Scotland,Scotland,Georgia,13271,Telfair,32.0472,-82.8181,315,84.8,shape,false,true,America/New_York,3,31083 31055 30411,1840015836
Plainville,Plainville,Georgia,13129,Gordon,34.4053,-85.0312,314,167.9,shape,false,true,America/New_York,3,30733,1840014675
Jenkinsburg,Jenkinsburg,Georgia,13035,Butts,33.3224,-84.0389,303,89.9,shape,false,true,America/New_York,3,30234,1840016872
Oconee,Oconee,Georgia,13303,Washington,32.8535,-82.9576,297,88.3,shape,false,true,America/New_York,3,31067,1840014851
Carl,Carl,Georgia,13013,Barrow,34.0045,-83.8129,296,105.2,shape,false,true,America/New_York,3,30011 30680,1840015621
Woodland,Woodland,Georgia,13263,Talbot,32.7877,-84.5606,296,145.6,shape,false,true,America/New_York,3,31836,1840015781
Ellenton,Ellenton,Georgia,13071,Colquitt,31.176,-83.5877,296,144.5,shape,false,true,America/New_York,3,31771 31747,1840017122
Andersonville,Andersonville,Georgia,13261,Sumter,32.1965,-84.1454,296,82.8,shape,false,true,America/New_York,3,31711,1840013842
Bluffton,Bluffton,Georgia,13061,Clay,31.5198,-84.8691,295,70.8,shape,false,true,America/New_York,3,39824,1840015859
Shady Dale,Shady Dale,Georgia,13159,Jasper,33.4008,-83.588,288,87.6,shape,false,true,America/New_York,3,31064 31085,1840018011
Morganton,Morganton,Georgia,13111,Fannin,34.8749,-84.2442,288,141.9,shape,false,true,America/New_York,3,30560,1840014649
Oliver,Oliver,Georgia,13251,Screven,32.5215,-81.533,286,118.9,shape,false,true,America/New_York,3,30449 30446,1840014863
Gillsville,Gillsville,Georgia,13139,Hall,34.3085,-83.6352,286,56.7,shape,false,true,America/New_York,3,30543,1840013616
Avalon,Avalon,Georgia,13257,Stephens,34.5027,-83.1967,285,62.3,shape,false,true,America/New_York,3,30577 30557,1840015550
Dillard,Dillard,Georgia,13241,Rabun,34.9749,-83.382,284,62.3,shape,false,true,America/New_York,3,30537,1840014637
Clyattville,Clyattville,Georgia,13185,Lowndes,30.688,-83.3154,283,47.7,shape,false,false,America/New_York,3,31601,1840029128
Smarr,Smarr,Georgia,13207,Monroe,32.987,-83.883,281,63.8,shape,false,false,America/New_York,3,31029,1840029344
Surrency,Surrency,Georgia,13001,Appling,31.7215,-82.1988,281,140.4,shape,false,true,America/New_York,3,31563,1840017054
Norwood,Norwood,Georgia,13301,Warren,33.4625,-82.7055,277,131.3,shape,false,true,America/New_York,3,30821,1840014818
Dewy Rose,Dewy Rose,Georgia,13105,Elbert,34.1681,-82.9395,269,62.2,shape,false,false,America/New_York,3,30634,1840025863
Satilla,Satilla,Georgia,13161,Jeff Davis,31.7919,-82.5638,266,33.6,shape,false,false,America/New_York,3,31539,1840025935
Woodville,Woodville,Georgia,13133,Greene,33.6713,-83.1068,261,20.3,shape,false,true,America/New_York,3,30669,1840015688
Summertown,Summertown,Georgia,13107,Emanuel,32.7458,-82.2763,260,127.6,shape,false,true,America/New_York,3,30441,1840015786
Waverly,Waverly,Georgia,13039,Camden,31.1012,-81.7279,259,18.0,shape,false,false,America/New_York,3,31565,1840029362
Denton,Denton,Georgia,13161,Jeff Davis,31.7222,-82.6968,257,65.3,shape,false,true,America/New_York,3,31532,1840014936
Culloden,Culloden,Georgia,13207,Monroe,32.8632,-84.0939,254,126.2,shape,false,true,America/New_York,3,31016,1840014856
Avera,Avera,Georgia,13163,Jefferson,33.1934,-82.5287,248,147.3,shape,false,true,America/New_York,3,30803,1840013780
Rocky Ford,Rocky Ford,Georgia,13251,Screven,32.6636,-81.8297,246,78.4,shape,false,true,America/New_York,3,30455,1840018051
Juliette,Juliette,Georgia,13207,Monroe,33.1109,-83.8094,242,51.0,shape,false,false,America/New_York,3,31046,1840029275
Stockton,Stockton,Georgia,13173,Lanier,30.9428,-83.0029,242,82.5,shape,false,false,America/New_York,3,31649,1840012952
Rentz,Rentz,Georgia,13175,Laurens,32.3835,-82.9917,242,89.0,shape,false,true,America/New_York,3,31075,1840014882
Meansville,Meansville,Georgia,13231,Pike,33.0508,-84.3082,239,184.1,shape,false,true,America/New_York,3,30256,1840015753
Box Springs,Box Springs,Georgia,13263,Talbot,32.5495,-84.6568,238,26.4,shape,false,false,America/New_York,3,31801,1840049851
Tallulah Falls,Tallulah Falls,Georgia,13137,Habersham,34.7263,-83.3826,236,11.0,shape,false,true,America/New_York,3,30523 30573 30552,1840016568
Haralson,Haralson,Georgia,13077,Coweta,33.2285,-84.569,236,117.1,shape,false,true,America/New_York,3,30276 30229,1840016860
Jakin,Jakin,Georgia,13099,Early,31.0901,-84.9822,235,73.2,shape,false,true,America/New_York,3,39861,1840014962
Woolsey,Woolsey,Georgia,13113,Fayette,33.3626,-84.4113,231,109.0,shape,false,true,America/New_York,3,30215,1840016846
Pulaski,Pulaski,Georgia,13043,Candler,32.3904,-81.9565,230,111.5,shape,false,true,America/New_York,3,30439 30451,1840018104
Mendes,Mendes,Georgia,13267,Tattnall,31.9953,-81.9709,227,144.9,shape,false,false,America/New_York,3,30427,1840025918
Alston,Alston,Georgia,13209,Montgomery,32.081,-82.4789,223,30.2,shape,false,true,America/New_York,3,30473 30410 30412,1840015815
Ambrose,Ambrose,Georgia,13069,Coffee,31.5945,-83.0137,221,28.0,shape,false,true,America/New_York,3,31512,1840013857
Wenona,Wenona,Georgia,13081,Crisp,31.9061,-83.7552,220,30.0,shape,false,false,America/New_York,3,31015,1840029365
Bartow,Bartow,Georgia,13163,Jefferson,32.8816,-82.4712,219,74.9,shape,false,true,America/New_York,3,30413,1840015736
Hilltop,Hilltop,Georgia,13231,Pike,33.1063,-84.4382,211,84.7,shape,false,false,America/New_York,3,30206,1840029450
Register,Register,Georgia,13031,Bulloch,32.3658,-81.8845,209,103.7,shape,false,true,America/New_York,3,30452,1840018089
Hull,Hull,Georgia,13195,Madison,34.0155,-83.2938,205,331.9,shape,false,true,America/New_York,3,30646,1840014728
Garfield,Garfield,Georgia,13107,Emanuel,32.6496,-82.0962,205,100.4,shape,false,true,America/New_York,3,30425,1840013804
Allentown,Allentown,Georgia,13319,Wilkinson,32.5855,-83.2273,204,17.2,shape,false,true,America/New_York,3,31065 31003 31017,1840013791
Girard,Girard,Georgia,13033,Burke,33.04,-81.7122,202,24.7,shape,false,true,America/New_York,3,30426,1840016890
Kite,Kite,Georgia,13167,Johnson,32.6921,-82.5136,199,95.4,shape,false,true,America/New_York,3,31049,1840014876
Bellville,Bellville,Georgia,13109,Evans,32.1526,-81.9743,196,76.8,shape,false,true,America/New_York,3,30414 30417,1840013835
Brinson,Brinson,Georgia,13087,Decatur,30.9784,-84.7379,195,36.9,shape,false,true,America/New_York,3,39825,1840015890
Orchard Hill,Orchard Hill,Georgia,13255,Spalding,33.1851,-84.2123,192,295.6,shape,false,true,America/New_York,3,30224,1840016884
Vidette,Vidette,Georgia,13033,Burke,33.0376,-82.2474,191,75.8,shape,false,true,America/New_York,3,30830 30434,1840015741
Climax,Climax,Georgia,13087,Decatur,30.8757,-84.4312,186,89.4,shape,false,true,America/New_York,3,39834,1840014992
Danville,Danville,Georgia,13289,Twiggs,32.606,-83.246,186,91.0,shape,false,true,America/New_York,3,31017,1840016955
Matthews,Matthews,Georgia,13163,Jefferson,33.2176,-82.3079,185,20.3,shape,false,false,America/New_York,3,30818 30833,1840025882
Buckhead,Buckhead,Georgia,13211,Morgan,33.5686,-83.3623,183,88.2,shape,false,true,America/New_York,3,30625,1840015677
Lone Oak,Lone Oak,Georgia,13199,Meriwether,33.1723,-84.8173,182,112.5,shape,false,true,America/New_York,3,30220 30230,1840016898
White Plains,White Plains,Georgia,13133,Greene,33.4804,-83.0377,182,13.6,shape,false,true,America/New_York,3,30678 30642,1840015687
Dixie,Dixie,Georgia,13027,Brooks,30.7875,-83.668,170,43.7,shape,false,false,America/New_York,3,31629,1840142410
Nunez,Nunez,Georgia,13107,Emanuel,32.4919,-82.3467,167,48.8,shape,false,true,America/New_York,3,30401 30448,1840014875
Rayle,Rayle,Georgia,13317,Wilkes,33.7902,-82.9031,166,62.6,shape,false,true,America/New_York,3,30660,1840017993
Jersey,Jersey,Georgia,13297,Walton,33.7177,-83.8,164,81.6,shape,false,true,America/New_York,3,30014 30018,1840014787
Warthen,Warthen,Georgia,13303,Washington,33.0997,-82.8033,158,24.5,shape,false,false,America/New_York,3,31094,1840029371
Faceville,Faceville,Georgia,13087,Decatur,30.7537,-84.6372,151,22.8,shape,false,false,America/New_York,3,39819,1840029137
Rockingham,Rockingham,Georgia,13005,Bacon,31.5441,-82.4145,151,49.8,shape,false,false,America/New_York,3,31510,1840025953
Santa Claus,Santa Claus,Georgia,13279,Toombs,32.1712,-82.3297,146,233.1,shape,false,true,America/New_York,3,30436,1840015819
Lilly,Lilly,Georgia,13093,Dooly,32.1465,-83.8775,144,92.4,shape,false,true,America/New_York,3,31051 31092,1840015826
Du Pont,Du Pont,Georgia,13065,Clinch,30.9891,-82.8691,142,70.0,shape,false,true,America/New_York,3,31630,1840017139
Geneva,Geneva,Georgia,13263,Talbot,32.579,-84.5516,140,68.7,shape,false,true,America/New_York,3,31810,1840016957
Deepstep,Deepstep,Georgia,13303,Washington,33.0176,-82.9678,135,63.9,shape,false,true,America/New_York,3,31082,1840016896
Godfrey,Godfrey,Georgia,13211,Morgan,33.4513,-83.503,133,48.1,shape,false,false,America/New_York,3,30650,1840029417
Mitchell,Mitchell,Georgia,13125,Glascock,33.2198,-82.7032,127,33.2,shape,false,true,America/New_York,3,30820,1840016889
Musella,Musella,Georgia,13079,Crawford,32.8009,-84.0334,125,37.6,shape,false,false,America/New_York,3,31066,1840029163
Gay,Gay,Georgia,13199,Meriwether,33.0937,-84.5755,122,54.5,shape,false,true,America/New_York,3,30218,1840016899
Bristol,Bristol,Georgia,13229,Pierce,31.4507,-82.2148,119,25.4,shape,false,false,America/New_York,4,31518 31551,1840049857
Tarrytown,Tarrytown,Georgia,13209,Montgomery,32.3187,-82.5595,117,52.7,shape,false,true,America/New_York,3,30470,1840017011
Manor,Manor,Georgia,13299,Ware,31.1044,-82.5665,116,51.8,shape,false,false,America/New_York,3,31550,1840029152
Vernonburg,Vernonburg,Georgia,13051,Chatham,31.9637,-81.1259,116,111.1,shape,false,true,America/New_York,3,31419,1840017031
Gough,Gough,Georgia,13033,Burke,33.088,-82.2286,115,52.6,shape,false,false,America/New_York,3,30816,1840029259
Riddleville,Riddleville,Georgia,13303,Washington,32.9069,-82.6661,110,55.4,shape,false,true,America/New_York,3,31035,1840018046
Knoxville,Knoxville,Georgia,13079,Crawford,32.7233,-83.9959,108,54.6,shape,false,false,America/New_York,3,31066 31050 31078,1840026999
Talking Rock,Talking Rock,Georgia,13227,Pickens,34.5239,-84.4895,106,19.8,shape,false,true,America/New_York,3,30175,1840016628
Canoochee,Canoochee,Georgia,13107,Emanuel,32.6786,-82.1785,104,17.0,shape,false,false,America/New_York,3,30471,1840025894
Jacksonville,Jacksonville,Georgia,13271,Telfair,31.8125,-82.979,103,36.6,shape,false,true,America/New_York,3,31544,1840014924
Parrott,Parrott,Georgia,13273,Terrell,31.8944,-84.5117,102,50.5,shape,false,true,America/New_York,3,39877,1840017053
Perkins,Perkins,Georgia,13165,Jenkins,32.9149,-81.949,101,18.8,shape,false,false,America/New_York,3,30442 30822,1840025890
Calvary,Calvary,Georgia,13131,Grady,30.7224,-84.3541,82,20.6,shape,false,false,America/New_York,3,39828 39829,1840025988
Manassas,Manassas,Georgia,13267,Tattnall,32.1603,-82.02,82,41.0,shape,false,true,America/New_York,3,30421 30417,1840015822
De Soto,De Soto,Georgia,13261,Sumter,31.9548,-84.0636,67,31.7,shape,false,true,America/New_York,4,31743,1840029398
Millwood,Millwood,Georgia,13299,Ware,31.2656,-82.6603,58,46.2,shape,false,false,America/New_York,3,31552,1840029291
Ranger,Ranger,Georgia,13129,Gordon,34.5013,-84.7111,57,27.0,shape,false,true,America/New_York,3,30734,1840017929
Everett,Everett,Georgia,13127,Glynn,31.3921,-81.6398,54,25.4,shape,false,false,America/New_York,3,31523 31525,1840149490
Dixie Union,Dixie Union,Georgia,13299,Ware,31.3419,-82.4608,48,26.2,shape,false,false,America/New_York,3,31503,1840029132
Sharon,Sharon,Georgia,13265,Taliaferro,33.5601,-82.795,47,23.3,shape,false,true,America/New_York,3,30664 30631,1840015692
Ohoopee,Ohoopee,Georgia,13279,Toombs,32.1808,-82.2209,41,9.4,shape,false,false,America/New_York,3,30436,1840029306
Dooling,Dooling,Georgia,13093,Dooly,32.23,-83.9289,41,34.2,shape,false,true,America/New_York,3,31063 31007,1840017021
Rest Haven,Rest Haven,Georgia,13135,Gwinnett,34.1363,-83.9747,40,81.5,shape,false,true,America/New_York,3,30518,1840017972
Naylor,Naylor,Georgia,13185,Lowndes,30.9088,-83.0774,39,19.7,shape,false,false,America/New_York,3,31641,1840029297
Gardi,Gardi,Georgia,13305,Wayne,31.5409,-81.797,36,14.5,shape,false,false,America/New_York,3,31546,1840029140
Seville,Seville,Georgia,13315,Wilcox,31.9608,-83.6012,36,16.4,shape,false,false,America/New_York,3,31084 31072,1840025929
Boykin,Boykin,Georgia,13201,Miller,31.1017,-84.6848,35,5.6,shape,false,false,America/New_York,3,39837,1840025978
The Rock,The Rock,Georgia,13293,Upson,32.9635,-84.2378,33,3.1,shape,false,false,America/New_York,3,30285,1840025092
Norristown,Norristown,Georgia,13107,Emanuel,32.5064,-82.4982,25,23.8,shape,false,false,America/New_York,3,31002 30447,1840025895
Eagle Grove,Eagle Grove,Georgia,13147,Hart,34.2918,-83.0043,25,5.6,shape,false,false,America/New_York,3,30520,1840025854
Cedar Springs,Cedar Springs,Georgia,13099,Early,31.1873,-85.0324,24,3.1,shape,false,false,America/New_York,3,39861 39832,1840025967
Cogdell,Cogdell,Georgia,13065,Clinch,31.1663,-82.7217,24,10.4,shape,false,false,America/New_York,3,31634,1840029390
Edge Hill,Edge Hill,Georgia,13125,Glascock,33.1534,-82.625,19,32.5,shape,false,true,America/New_York,4,30810 30820,1840029409
Mershon,Mershon,Georgia,13229,Pierce,31.4636,-82.2538,16,7.1,shape,false,false,America/New_York,3,31551,1840029157
Glenn,Glenn,Georgia,13149,Heard,33.1493,-85.2092,9,1.8,shape,false,false,America/New_York,3,30217 30240,1840048045
Tazewell,Tazewell,Georgia,13197,Marion,32.3796,-84.4401,0,39.4,shape,false,false,America/New_York,3,31803,1840029439
Coleman,Coleman,Georgia,13243,Randolph,31.6717,-84.8903,0,45.7,shape,false,false,America/New_York,3,39836,1840027003
Cherry Log,Cherry Log,Georgia,13123,Gilmer,34.7864,-84.3839,0,40.2,shape,false,false,America/New_York,3,30522,1840025844
Aldora,Aldora,Georgia,13171,Lamar,33.0508,-84.1758,0,105.3,shape,false,true,America/New_York,3,30204,1840015756
Tate City,Tate City,Georgia,13281,Towns,34.9789,-83.554,0,4.3,shape,false,false,America/New_York,3,30546 30525,1840025839
Howard,Howard,Georgia,13269,Taylor,32.5982,-84.3786,0,24.5,shape,false,false,America/New_York,3,31039 31812,1840025898
